{"stats":{"minecraft:custom":{"minecraft:mob_kills":53,"minecraft:interact_with_crafting_table":86,"goblintraders:trade_with_goblin":4,"minecraft:bell_ring":22,"minecraft:leave_game":6,"minecraft:time_since_death":336498,"minecraft:climb_one_cm":22674,"minecraft:sprint_one_cm":895731,"minecraft:walk_one_cm":601533,"minecraft:damage_blocked_by_shield":165,"minecraft:drop":119,"minecraft:talked_to_villager":191,"minecraft:play_time":336498,"minecraft:sneak_time":17861,"minecraft:walk_under_water_one_cm":47318,"minecraft:boat_one_cm":441566,"minecraft:jump":5824,"minecraft:walk_on_water_one_cm":47307,"minecraft:total_world_time":336498,"minecraft:interact_with_furnace":56,"minecraft:traded_with_villager":381,"minecraft:sleep_in_bed":14,"minecraft:time_since_rest":28176,"minecraft:damage_taken":2256,"minecraft:damage_dealt":13873,"minecraft:minecart_one_cm":130,"minecraft:swim_one_cm":93240,"minecraft:fly_one_cm":838123,"minecraft:open_chest":205,"minecraft:crouch_one_cm":46070,"minecraft:interact_with_smoker":4,"minecraft:fall_one_cm":126435},"minecraft:used":{"minecraft:iron_shovel":227,"minecraft:ladder":9,"minecraft:oak_sign":1,"minecraft:chest":14,"minecraft:spruce_planks":3,"minecraft:shield":2,"minecraft:bell":1,"minecraft:stone_hoe":58,"minecraft:oak_door":2,"minecraft:torch":29,"minecraft:dirt":68,"travelersbackpack:iron":27,"minecraft:tuff":5,"minecraft:granite":1,"minecraft:oak_fence_gate":1,"minecraft:spruce_boat":1,"biomesoplenty:redwood_wood":2,"minecraft:iron_axe":956,"minecraft:birch_trapdoor":4,"minecraft:furnace":10,"minecraft:cobbled_deepslate":11,"minecraft:wheat_seeds":10,"minecraft:water_bucket":4,"minecraft:birch_boat":7,"minecraft:baked_potato":4,"minecraft:birch_planks":366,"minecraft:oak_planks":278,"minecraft:stone_pickaxe":63,"minecraft:wooden_pickaxe":15,"minecraft:blue_bed":14,"minecraft:diamond_axe":1958,"minecraft:spruce_sign":3,"minecraft:composter":4,"minecraft:fletching_table":4,"minecraft:birch_sign":2,"minecraft:mossy_cobblestone":1,"minecraft:blast_furnace":1,"minecraft:crafting_table":24,"minecraft:white_bed":2,"minecraft:spruce_log":32,"minecraft:smoker":3,"minecraft:diamond_pickaxe":229,"minecraft:apple":3,"minecraft:iron_pickaxe":763,"minecraft:gravel":83,"minecraft:spruce_sapling":3,"minecraft:bread":65,"minecraft:stone_axe":274,"minecraft:cobblestone":81,"minecraft:purple_bed":4,"minecraft:smithing_table":5,"minecraft:andesite":3,"minecraft:bucket":5,"chococraft:gysahl_green":38,"minecraft:yellow_bed":1},"minecraft:crafted":{"minecraft:oak_door":3,"minecraft:smooth_stone":3,"minecraft:oak_planks":640,"travelersbackpack:iron":2,"minecraft:oak_sign":3,"minecraft:birch_boat":1,"minecraft:furnace":5,"minecraft:blast_furnace":1,"minecraft:stone":3,"minecraft:glass":36,"travelersbackpack:white_sleeping_bag":2,"minecraft:diamond_leggings":1,"minecraft:diamond_helmet":1,"minecraft:bow":1,"minecraft:iron_axe":4,"minecraft:ladder":18,"minecraft:stone_pickaxe":1,"minecraft:chest":14,"minecraft:diamond_boots":1,"minecraft:spruce_boat":1,"minecraft:stone_hoe":16,"minecraft:birch_sign":3,"minecraft:smoker":1,"minecraft:wheat":18,"minecraft:oak_slab":12,"minecraft:emerald":298,"minecraft:diamond_axe":1,"minecraft:spruce_sign":3,"minecraft:crafting_table":6,"minecraft:spruce_planks":4056,"travelersbackpack:standard":2,"minecraft:baked_potato":4,"travelersbackpack:backpack_tank":4,"minecraft:wooden_pickaxe":1,"minecraft:smithing_table":1,"minecraft:fletching_table":4,"minecraft:bucket":1,"minecraft:birch_planks":1900,"minecraft:stone_axe":2,"minecraft:bread":132,"minecraft:air":0,"biomesoplenty:fir_planks":4,"minecraft:oak_fence_gate":1,"minecraft:diamond_pickaxe":1,"minecraft:shield":18,"minecraft:stick":11340,"minecraft:iron_ingot":109,"minecraft:chainmail_boots":12,"minecraft:iron_pickaxe":4,"minecraft:birch_trapdoor":10,"minecraft:iron_shovel":2,"minecraft:iron_leggings":10,"minecraft:composter":1,"minecraft:torch":40,"minecraft:diamond_chestplate":1},"minecraft:mined":{"minecraft:dark_oak_planks":4,"create:deepslate_zinc_ore":6,"minecraft:tuff":10,"biomesoplenty:watergrass":2,"minecraft:spruce_planks":2,"minecraft:white_bed":2,"minecraft:mossy_cobblestone":2,"minecraft:cobblestone_stairs":1,"minecraft:stripped_birch_log":1,"minecraft:granite":105,"biomesoplenty:bush":13,"minecraft:grass_block":139,"minecraft:jungle_log":65,"travelersbackpack:white_sleeping_bag":2,"minecraft:spruce_leaves":11,"travelersbackpack:iron":6,"minecraft:composter":9,"minecraft:large_fern":1,"minecraft:hay_block":2,"minecraft:magma_block":2,"minecraft:furnace":10,"biomesoplenty:icy_iris":3,"minecraft:iron_ore":96,"biomesoplenty:lavender":2,"biomesoplenty:violet":2,"minecraft:andesite":71,"minecraft:fletching_table":4,"minecraft:gold_block":1,"minecraft:bell":1,"chococraft:gysahl_green":47,"minecraft:dirt_path":3,"minecraft:deepslate_iron_ore":12,"minecraft:water_cauldron":2,"minecraft:spruce_wood":85,"minecraft:stone":442,"create:limestone":4,"minecraft:podzol":1,"minecraft:smithing_table":5,"minecraft:smoker":3,"minecraft:oak_fence":1,"minecraft:crafting_table":21,"minecraft:torch":4,"minecraft:blast_furnace":1,"biomesoplenty:huge_clover_petal":2,"minecraft:melon":7,"biomesoplenty:high_grass_plant":1,"minecraft:chest":2,"minecraft:tall_grass":8,"minecraft:cobblestone":20,"minecraft:deepslate_coal_ore":1,"biomesoplenty:sprout":4,"minecraft:lapis_ore":3,"minecraft:oak_planks":51,"minecraft:grindstone":4,"minecraft:sugar_cane":7,"minecraft:diorite":31,"minecraft:blue_bed":14,"minecraft:wall_torch":12,"minecraft:purple_bed":4,"minecraft:birch_planks":39,"minecraft:cobblestone_wall":3,"minecraft:stripped_spruce_wood":1,"biomesoplenty:mahogany_log":234,"minecraft:birch_log":984,"minecraft:wheat":1,"minecraft:lilac":1,"minecraft:spruce_log":1059,"minecraft:white_wall_banner":2,"biomesoplenty:fir_log":55,"minecraft:yellow_bed":1,"biomesoplenty:clover":1,"minecraft:grass":180,"minecraft:oak_log":173,"minecraft:coal_ore":146,"minecraft:gravel":101,"minecraft:dirt":95,"minecraft:sand":36,"minecraft:birch_sign":1,"minecraft:stonecutter":1,"minecraft:dispenser":1,"biomesoplenty:redwood_wood":2,"create:crimsite":13,"minecraft:oak_leaves":12,"minecraft:deepslate":11,"minecraft:fern":5},"minecraft:broken":{"minecraft:iron_axe":4,"minecraft:stone_axe":2,"minecraft:iron_pickaxe":2},"minecraft:dropped":{"minecraft:stone_hoe":15,"minecraft:bread":31,"chococraft:loverly_gysahl_green":6,"minecraft:wheat_seeds":12,"biomesoplenty:lavender":1,"minecraft:cobblestone":1,"chococraft:gysahl_green_seeds":11,"minecraft:leather_helmet":1,"minecraft:cobblestone_stairs":1,"minecraft:stick":17,"minecraft:dirt":13,"minecraft:diorite":29,"minecraft:iron_leggings":12,"minecraft:string":1,"minecraft:spruce_sapling":4,"minecraft:cauldron":1,"minecraft:bone":1,"minecraft:sugar_cane":7,"minecraft:kelp":5,"minecraft:cobblestone_wall":2,"minecraft:tuff":5,"biomesoplenty:rainbow_birch_sapling":15,"minecraft:rotten_flesh":9,"biomesoplenty:icy_iris":1,"minecraft:oak_sign":2,"minecraft:poppy":4,"minecraft:shield":16,"minecraft:diamond_pickaxe":1,"minecraft:andesite":5,"minecraft:chainmail_boots":12,"create:limestone":2,"minecraft:oak_sapling":43,"minecraft:spider_eye":2,"minecraft:arrow":1,"minecraft:wooden_pickaxe":1},"minecraft:killed":{"minecraft:spider":2,"minecraft:skeleton":2,"minecraft:fox":1,"minecraft:iron_golem":6,"minecraft:frog":1,"minecraft:creeper":2,"minecraft:sheep":7,"minecraft:pillager":1,"minecraft:zombie":16,"minecraft:villager":6,"minecraft:cow":9},"minecraft:picked_up":{"minecraft:crafting_table":21,"chococraft:loverly_gysahl_green":6,"minecraft:smithing_table":5,"minecraft:gold_block":1,"minecraft:shield":10,"biomesoplenty:rainbow_birch_sapling":79,"minecraft:string":1,"create:limestone":4,"minecraft:iron_leggings":2,"minecraft:cobbled_deepslate":11,"minecraft:spruce_planks":7,"minecraft:beef":20,"biomesoplenty:redwood_wood":2,"minecraft:poppy":5,"minecraft:iron_pickaxe":1,"minecraft:melon_slice":33,"minecraft:sugar_cane":26,"minecraft:chest":2,"minecraft:furnace":10,"minecraft:egg":2,"minecraft:tipped_arrow":8,"minecraft:stick":964,"minecraft:raw_iron":189,"minecraft:composter":9,"minecraft:oak_fence":1,"minecraft:torch":19,"minecraft:diorite":31,"minecraft:cauldron":1,"minecraft:dark_oak_planks":4,"travelersbackpack:iron":6,"biomesoplenty:icy_iris":1,"minecraft:arrow":4,"minecraft:rotten_flesh":16,"biomesoplenty:mahogany_sapling":14,"minecraft:hay_block":2,"minecraft:mutton":9,"minecraft:white_wool":7,"minecraft:cobblestone":563,"biomesoplenty:lavender":2,"minecraft:birch_log":1179,"minecraft:magma_block":2,"minecraft:jungle_log":56,"minecraft:andesite":126,"minecraft:leather":11,"minecraft:smoker":2,"minecraft:birch_planks":118,"biomesoplenty:fir_log":8,"minecraft:flint":8,"minecraft:stripped_spruce_wood":1,"minecraft:tuff":10,"create:raw_zinc":6,"minecraft:oak_log":224,"minecraft:cobblestone_wall":3,"minecraft:yellow_bed":1,"minecraft:gunpowder":5,"minecraft:cobblestone_stairs":1,"minecraft:lapis_lazuli":8,"minecraft:dirt":242,"minecraft:blue_bed":14,"minecraft:white_banner":2,"minecraft:bone":2,"chococraft:gysahl_green":192,"minecraft:apple":112,"chococraft:gold_gysahl":1,"minecraft:kelp":5,"minecraft:bow":2,"minecraft:wheat_seeds":23,"minecraft:bell":1,"minecraft:spruce_wood":81,"minecraft:iron_ingot":61,"minecraft:grindstone":4,"minecraft:fletching_table":4,"minecraft:oak_planks":285,"minecraft:birch_boat":7,"minecraft:gravel":102,"minecraft:sand":36,"chococraft:gysahl_green_seeds":46,"minecraft:spruce_sapling":179,"minecraft:blast_furnace":1,"minecraft:white_bed":2,"minecraft:spruce_log":1148,"minecraft:spider_eye":3,"minecraft:mossy_cobblestone":2,"minecraft:leather_helmet":1,"biomesoplenty:mahogany_log":210,"minecraft:dispenser":1,"create:crimsite":13,"minecraft:purple_bed":4,"minecraft:spruce_boat":1,"minecraft:crossbow":1,"minecraft:granite":111,"minecraft:birch_sign":1,"minecraft:oak_sapling":42,"minecraft:coal":283,"minecraft:diamond_pickaxe":1}},"DataVersion":3465}