{"stats":{"minecraft:killed":{"minecraft:pig":9,"minecraft:spider":1,"minecraft:creeper":2,"minecraft:skeleton":2,"minecraft:zombie":5,"minecraft:cow":4},"minecraft:crafted":{"minecraft:cooked_beef":2,"minecraft:oak_planks":28,"minecraft:crafting_table":1,"minecraft:iron_helmet":1,"minecraft:furnace":2,"securitycraft:taser":1,"minecraft:bucket":1,"minecraft:cooked_mutton":2,"minecraft:air":0,"minecraft:oak_boat":1,"minecraft:iron_chestplate":1,"minecraft:iron_boots":1,"minecraft:bow":1,"minecraft:shield":1,"minecraft:iron_axe":1,"minecraft:stick":20,"minecraft:iron_ingot":61,"minecraft:iron_pickaxe":1,"minecraft:stone_pickaxe":1,"minecraft:iron_leggings":1},"minecraft:custom":{"minecraft:interact_with_furnace":60,"minecraft:mob_kills":23,"minecraft:interact_with_crafting_table":24,"minecraft:leave_game":7,"minecraft:time_since_death":56802,"minecraft:sleep_in_bed":3,"minecraft:climb_one_cm":496,"minecraft:time_since_rest":1023,"minecraft:sprint_one_cm":157474,"minecraft:damage_taken":1134,"minecraft:walk_one_cm":130719,"minecraft:damage_blocked_by_shield":195,"minecraft:drop":18,"minecraft:damage_dealt":3647,"minecraft:talked_to_villager":1,"minecraft:swim_one_cm":22822,"minecraft:fly_one_cm":213186,"minecraft:open_chest":9,"minecraft:crouch_one_cm":3252,"minecraft:play_time":56802,"minecraft:sneak_time":1837,"minecraft:walk_under_water_one_cm":29195,"minecraft:boat_one_cm":35955,"minecraft:jump":1155,"minecraft:walk_on_water_one_cm":7424,"minecraft:total_world_time":56802,"minecraft:fall_one_cm":31382},"minecraft:used":{"minecraft:cooked_mutton":2,"minecraft:water_bucket":12,"minecraft:stone_pickaxe":57,"minecraft:shield":3,"minecraft:iron_sword":23,"minecraft:crafting_table":2,"minecraft:white_bed":1,"minecraft:iron_axe":101,"minecraft:iron_pickaxe":3,"travelersbackpack:standard":1,"minecraft:sweet_berries":103,"minecraft:furnace":2,"minecraft:porkchop":7,"minecraft:bucket":13,"chococraft:gysahl_green":1,"minecraft:oak_boat":1,"minecraft:cooked_beef":2},"minecraft:picked_up":{"minecraft:charcoal":2,"minecraft:crafting_table":4,"minecraft:leather":2,"minecraft:oak_log":42,"minecraft:gunpowder":4,"minecraft:string":5,"chococraft:gysahl_green":6,"minecraft:apple":1,"minecraft:wheat_seeds":2,"minecraft:beef":8,"minecraft:oak_boat":1,"minecraft:lectern":1,"minecraft:sugar_cane":35,"minecraft:chest":5,"minecraft:furnace":3,"minecraft:raw_iron":62,"minecraft:stick":8,"minecraft:sweet_berries":171,"minecraft:torch":4,"minecraft:porkchop":24,"minecraft:spruce_sapling":2,"chococraft:gysahl_green_seeds":3,"minecraft:white_bed":2,"minecraft:redstone":12,"minecraft:spider_eye":1,"travelersbackpack:standard":1,"minecraft:pumpkin_seeds":4,"minecraft:purple_bed":1,"minecraft:rotten_flesh":3,"minecraft:diamond":7,"minecraft:carved_pumpkin":1,"minecraft:gold_ingot":3,"minecraft:baked_potato":1,"minecraft:oak_sapling":11,"minecraft:mutton":2,"minecraft:coal":53,"minecraft:cobblestone":54},"minecraft:mined":{"minecraft:white_bed":1,"minecraft:carved_pumpkin":1,"minecraft:crafting_table":4,"minecraft:chest":5,"minecraft:campfire":1,"minecraft:lectern":1,"minecraft:spruce_leaves":3,"minecraft:sugar_cane":14,"minecraft:wall_torch":4,"minecraft:purple_bed":1,"minecraft:furnace":3,"minecraft:iron_ore":1,"minecraft:sweet_berry_bush":29,"biomesoplenty:maple_leaves":3,"minecraft:grass":7,"chococraft:gysahl_green":3,"minecraft:coal_ore":39,"minecraft:sunflower":1,"minecraft:stone":6,"minecraft:oak_leaves":12},"minecraft:dropped":{"minecraft:iron_ingot":4,"minecraft:furnace":1,"minecraft:porkchop":2,"minecraft:wheat_seeds":1,"chococraft:gysahl_green_seeds":3,"minecraft:white_bed":1,"minecraft:coal":3,"minecraft:oak_sapling":7}},"DataVersion":3465}