{"stats":{"minecraft:crafted":{"minecraft:oak_planks":28,"travelersbackpack:crafting_upgrade":1,"minecraft:furnace":2,"travelersbackpack:blank_upgrade":4,"travelersbackpack:gold_tier_upgrade":1,"minecraft:cooked_mutton":2,"minecraft:glass":12,"minecraft:bow":1,"minecraft:diamond_helmet":1,"minecraft:diamond_leggings":1,"minecraft:iron_boots":1,"minecraft:iron_axe":2,"minecraft:stone_pickaxe":1,"minecraft:diamond_boots":1,"travelersbackpack:diamond_tier_upgrade":1,"minecraft:wheat":109,"minecraft:cooked_beef":2,"travelersbackpack:iron_tier_upgrade":1,"minecraft:crafting_table":1,"minecraft:spruce_planks":4,"travelersbackpack:backpack_tank":2,"minecraft:iron_helmet":1,"travelersbackpack:standard":3,"minecraft:smithing_table":1,"securitycraft:taser":1,"minecraft:bucket":1,"minecraft:air":0,"minecraft:bread":39,"minecraft:oak_boat":1,"minecraft:iron_chestplate":1,"minecraft:shield":1,"minecraft:stick":20,"minecraft:iron_ingot":62,"minecraft:iron_pickaxe":1,"minecraft:iron_block":3,"minecraft:iron_shovel":3,"minecraft:iron_leggings":1,"minecraft:gold_ingot":1,"chococraft:chocobo_saddle":1,"minecraft:anvil":1},"minecraft:killed":{"minecraft:spider":4,"minecraft:skeleton":5,"minecraft:pig":9,"minecraft:zombie_villager":3,"minecraft:wandering_trader":1,"minecraft:creeper":2,"minecraft:trader_llama":2,"minecraft:zombie":19,"chococraft:chocobo":1,"minecraft:cow":15},"minecraft:mined":{"minecraft:white_bed":1,"minecraft:deepslate_diamond_ore":16,"minecraft:sculk_vein":1,"minecraft:jack_o_lantern":8,"minecraft:carved_pumpkin":1,"minecraft:grass_block":767,"biomesoplenty:flowering_oak_leaves":6,"minecraft:spruce_leaves":29,"minecraft:hay_block":13,"biomesoplenty:jacaranda_log":52,"biomesoplenty:tall_lavender":3,"minecraft:magma_block":1,"minecraft:furnace":4,"minecraft:iron_ore":1,"minecraft:sticky_piston":3,"minecraft:cobbled_deepslate":2,"biomesoplenty:lavender":61,"minecraft:andesite":3,"minecraft:pumpkin":4,"minecraft:anvil":1,"minecraft:sculk_shrieker":1,"chococraft:gysahl_green":36,"biomesoplenty:redwood_log":25,"biomesoplenty:barley":1,"minecraft:spruce_wood":17,"minecraft:stone":60,"minecraft:smithing_table":3,"minecraft:deepslate_redstone_ore":5,"minecraft:stripped_dark_oak_log":1,"minecraft:crafting_table":8,"minecraft:emerald_ore":4,"minecraft:chest":6,"minecraft:campfire":1,"minecraft:lectern":1,"minecraft:sculk_sensor":1,"minecraft:tall_grass":2,"minecraft:cobblestone":5,"biomesoplenty:sprout":1,"minecraft:sugar_cane":14,"minecraft:sculk":8,"minecraft:wall_torch":5,"minecraft:skeleton_skull":1,"minecraft:purple_bed":2,"minecraft:stripped_spruce_wood":1,"minecraft:sweet_berry_bush":31,"minecraft:birch_leaves":12,"biomesoplenty:maple_leaves":3,"minecraft:grass":54,"minecraft:coal_ore":66,"minecraft:sunflower":1,"minecraft:sand":23,"minecraft:dirt":57,"minecraft:deepslate":71,"minecraft:netherrack":68,"minecraft:oak_leaves":42,"minecraft:fern":1},"minecraft:used":{"minecraft:iron_shovel":865,"minecraft:jack_o_lantern":1,"minecraft:shield":24,"minecraft:iron_sword":124,"minecraft:netherrack":46,"minecraft:torch":2,"minecraft:dirt":147,"minecraft:anvil":1,"minecraft:axolotl_bucket":2,"minecraft:iron_axe":264,"minecraft:spruce_wood":10,"minecraft:diamond_chestplate":1,"minecraft:golden_carrot":4,"minecraft:sweet_berries":191,"minecraft:furnace":3,"minecraft:cooked_beef":2,"minecraft:cobbled_deepslate":137,"minecraft:cooked_mutton":2,"minecraft:water_bucket":48,"securitycraft:door_indestructible_iron_item":1,"minecraft:stone_pickaxe":124,"minecraft:baked_potato":1,"minecraft:oak_planks":3,"biomesoplenty:lavender":1,"securitycraft:keypad":1,"minecraft:crafting_table":6,"securitycraft:universal_block_remover":1,"minecraft:white_bed":1,"minecraft:diamond_pickaxe":92,"chococraft:gysahl_green_seeds":43,"minecraft:bread":33,"minecraft:iron_pickaxe":119,"minecraft:fire_charge":1,"minecraft:cobblestone":56,"travelersbackpack:standard":19,"minecraft:porkchop":7,"minecraft:smithing_table":3,"minecraft:bucket":51,"minecraft:oak_boat":3,"chococraft:gysahl_green":16,"minecraft:pumpkin_pie":1},"minecraft:custom":{"minecraft:interact_with_smithing_table":17,"minecraft:interact_with_anvil":3,"minecraft:mob_kills":62,"minecraft:animals_bred":2,"minecraft:interact_with_crafting_table":47,"minecraft:leave_game":12,"minecraft:time_since_death":37930,"minecraft:climb_one_cm":4139,"minecraft:sprint_one_cm":577551,"minecraft:walk_one_cm":499985,"minecraft:damage_blocked_by_shield":493,"minecraft:drop":95,"minecraft:talked_to_villager":14,"minecraft:play_time":258899,"minecraft:deaths":4,"minecraft:sneak_time":21112,"minecraft:walk_under_water_one_cm":43861,"minecraft:boat_one_cm":114840,"minecraft:jump":4206,"minecraft:walk_on_water_one_cm":31087,"minecraft:total_world_time":258899,"minecraft:interact_with_furnace":78,"minecraft:sleep_in_bed":12,"minecraft:time_since_rest":18102,"minecraft:damage_taken":4568,"minecraft:damage_dealt":10325,"minecraft:swim_one_cm":61629,"minecraft:open_chest":118,"minecraft:fly_one_cm":807794,"minecraft:crouch_one_cm":89617,"minecraft:fall_one_cm":122566},"minecraft:picked_up":{"biomesoplenty:redwood_log":23,"minecraft:coarse_dirt":1,"minecraft:crafting_table":8,"minecraft:charcoal":2,"minecraft:iron_chestplate":1,"chococraft:loverly_gysahl_green":8,"minecraft:wheat":8,"minecraft:anvil":1,"minecraft:smithing_table":3,"securitycraft:taser":1,"minecraft:lead":3,"minecraft:diamond_sword":1,"biomesoplenty:jacaranda_sapling":29,"minecraft:string":10,"biomesoplenty:tall_lavender":2,"minecraft:sticky_piston":3,"minecraft:cobbled_deepslate":137,"minecraft:beef":35,"minecraft:oak_boat":4,"minecraft:lectern":1,"minecraft:sugar_cane":35,"minecraft:chest":6,"minecraft:birch_sapling":1,"minecraft:furnace":4,"minecraft:stick":30,"minecraft:raw_iron":62,"minecraft:torch":5,"travelersbackpack:iron_tier_upgrade":2,"minecraft:porkchop":24,"minecraft:redstone":34,"minecraft:arrow":1,"minecraft:rotten_flesh":11,"biomesoplenty:jacaranda_log":51,"minecraft:hay_block":13,"minecraft:carved_pumpkin":1,"minecraft:gold_ingot":4,"minecraft:mutton":2,"minecraft:skeleton_skull":1,"minecraft:cobblestone":120,"biomesoplenty:lavender":180,"minecraft:magma_block":1,"minecraft:andesite":3,"securitycraft:disguise_module":1,"minecraft:leather":13,"paraglider:spirit_orb":2,"minecraft:stripped_spruce_wood":1,"minecraft:oak_log":42,"minecraft:gunpowder":4,"minecraft:dirt":314,"chococraft:chocobo_feather":90,"minecraft:bone":3,"chococraft:gysahl_green":283,"minecraft:apple":1,"chococraft:gold_gysahl":1,"minecraft:wheat_seeds":37,"minecraft:wild_armor_trim_smithing_template":1,"minecraft:spruce_wood":14,"travelersbackpack:blank_upgrade":1,"minecraft:sweet_berries":200,"minecraft:sand":23,"chococraft:gysahl_green_seeds":64,"minecraft:spruce_sapling":5,"minecraft:white_bed":2,"minecraft:spruce_log":64,"minecraft:spider_eye":3,"create:copper_diving_helmet":1,"securitycraft:whitelist_module":1,"securitycraft:universal_block_remover":1,"travelersbackpack:standard":2,"minecraft:pumpkin_seeds":4,"minecraft:purple_bed":2,"minecraft:diamond":24,"minecraft:lever":2,"minecraft:emerald":12,"securitycraft:keypad":1,"minecraft:baked_potato":1,"minecraft:jack_o_lantern":8,"minecraft:oak_sapling":11,"securitycraft:door_indestructible_iron_item":1,"minecraft:netherrack":57,"minecraft:stripped_dark_oak_log":3,"minecraft:coal":80,"minecraft:diamond_pickaxe":1},"minecraft:dropped":{"minecraft:iron_ingot":4,"minecraft:wheat_seeds":36,"minecraft:porkchop":2,"chococraft:loverly_gysahl_green":1,"biomesoplenty:lavender":71,"chococraft:gysahl_green_seeds":21,"travelersbackpack:iron_tier_upgrade":2,"travelersbackpack:standard":1,"minecraft:coal":3,"paraglider:spirit_orb":2,"minecraft:flint":4,"minecraft:emerald":8,"minecraft:dirt":21,"travelersbackpack:blank_upgrade":1,"minecraft:string":4,"minecraft:spruce_sapling":3,"minecraft:gold_ingot":1,"minecraft:bone":14,"minecraft:furnace":1,"minecraft:sweet_berries":2,"minecraft:lever":2,"minecraft:iron_nugget":6,"minecraft:coarse_dirt":1,"minecraft:wild_armor_trim_smithing_template":1,"chococraft:chocobo_feather":2,"minecraft:birch_sapling":1,"minecraft:stripped_dark_oak_log":2,"minecraft:rotten_flesh":11,"minecraft:white_bed":1,"minecraft:diamond_sword":1,"minecraft:iron_chestplate":1,"minecraft:purple_bed":2,"minecraft:oak_boat":2,"minecraft:oak_sapling":7,"minecraft:carved_pumpkin":1,"minecraft:spruce_wood":4,"minecraft:spider_eye":2,"minecraft:magma_block":1,"biomesoplenty:tall_lavender":2,"minecraft:netherrack":11,"chococraft:gysahl_green":66},"minecraft:broken":{"minecraft:iron_shovel":3,"minecraft:stone_pickaxe":1,"minecraft:iron_axe":1}},"DataVersion":3465}