{"stats":{"minecraft:used":{"minecraft:stone_shovel":23,"minecraft:stone_pickaxe":219,"minecraft:wooden_pickaxe":15,"minecraft:stone_axe":59,"minecraft:cobblestone":55,"minecraft:crafting_table":5,"minecraft:furnace":1,"chococraft:gysahl_green":14,"minecraft:granite":10},"minecraft:custom":{"minecraft:time_since_rest":36264,"minecraft:interact_with_furnace":4,"minecraft:sprint_one_cm":34741,"minecraft:damage_taken":90,"minecraft:walk_one_cm":61360,"minecraft:drop":20,"minecraft:swim_one_cm":806,"minecraft:interact_with_crafting_table":6,"minecraft:fly_one_cm":24630,"minecraft:crouch_one_cm":5501,"minecraft:play_time":36264,"minecraft:sneak_time":1674,"minecraft:walk_under_water_one_cm":1899,"minecraft:jump":315,"minecraft:leave_game":1,"minecraft:walk_on_water_one_cm":4131,"minecraft:time_since_death":36264,"minecraft:total_world_time":36264,"minecraft:climb_one_cm":48,"minecraft:fall_one_cm":6638},"minecraft:crafted":{"minecraft:stone_shovel":1,"minecraft:crafting_table":1,"minecraft:spruce_planks":56,"minecraft:stick":4,"minecraft:iron_ingot":18,"minecraft:wooden_pickaxe":1,"minecraft:stone_pickaxe":4,"minecraft:furnace":1,"minecraft:stone_axe":1,"minecraft:air":0},"minecraft:mined":{"minecraft:large_fern":1,"minecraft:iron_ore":30,"minecraft:spruce_log":51,"minecraft:andesite":65,"minecraft:clay":1,"minecraft:crafting_table":4,"minecraft:big_dripleaf_stem":1,"minecraft:granite":12,"minecraft:grass":4,"chococraft:gysahl_green":13,"minecraft:grass_block":4,"minecraft:coal_ore":30,"minecraft:gravel":5,"minecraft:dirt":12,"minecraft:cobblestone":4,"minecraft:lapis_ore":6,"minecraft:spruce_leaves":5,"minecraft:stone":81,"minecraft:moss_block":3},"minecraft:broken":{"minecraft:stone_pickaxe":1},"minecraft:dropped":{"minecraft:big_dripleaf":5,"minecraft:moss_carpet":8,"minecraft:moss_block":3,"minecraft:azalea":4},"minecraft:picked_up":{"chococraft:loverly_gysahl_green":2,"minecraft:crafting_table":4,"minecraft:stick":12,"minecraft:raw_iron":30,"minecraft:clay_ball":4,"minecraft:andesite":65,"minecraft:big_dripleaf":5,"minecraft:gravel":4,"minecraft:flint":1,"chococraft:gysahl_green_seeds":13,"minecraft:spruce_sapling":15,"minecraft:spruce_log":51,"minecraft:dirt":16,"minecraft:lapis_lazuli":41,"minecraft:moss_carpet":8,"chococraft:gysahl_green":31,"chococraft:gold_gysahl":1,"minecraft:wheat_seeds":1,"minecraft:granite":11,"minecraft:azalea":4,"minecraft:moss_block":3,"minecraft:flowering_azalea":1,"minecraft:coal":29,"minecraft:cobblestone":85}},"DataVersion":3465}