{"stats":{"minecraft:killed":{"minecraft:spider":4,"minecraft:skeleton":22,"minecraft:fox":1,"minecraft:chicken":2,"minecraft:wolf":1,"minecraft:pig":12,"minecraft:zombie_villager":1,"minecraft:wandering_trader":1,"minecraft:sheep":22,"minecraft:trader_llama":2,"minecraft:zombie":31,"minecraft:cow":16},"minecraft:crafted":{"minecraft:raw_iron":27,"webdisplays:minepad":1,"minecraft:furnace":3,"webdisplays:craftcomp_batcell":1,"minecraft:cooked_mutton":25,"minecraft:green_dye":1,"minecraft:glass":24,"travelersbackpack:white_sleeping_bag":2,"minecraft:iron_boots":1,"minecraft:iron_axe":1,"minecraft:stone_pickaxe":2,"minecraft:chest":2,"minecraft:cooked_beef":5,"minecraft:red_dye":1,"minecraft:cooked_porkchop":2,"minecraft:crafting_table":3,"minecraft:spruce_planks":152,"travelersbackpack:backpack_tank":4,"minecraft:iron_helmet":1,"minecraft:wooden_pickaxe":1,"travelersbackpack:standard":2,"minecraft:iron_sword":1,"minecraft:bucket":1,"minecraft:stone_axe":1,"minecraft:air":0,"minecraft:iron_chestplate":1,"minecraft:purple_dye":1,"minecraft:yellow_dye":3,"minecraft:shield":1,"minecraft:stick":8,"minecraft:light_blue_dye":1,"minecraft:iron_ingot":110,"minecraft:iron_pickaxe":2,"minecraft:wooden_axe":1,"minecraft:stone_sword":1,"minecraft:iron_leggings":1,"minecraft:gold_ingot":18,"minecraft:white_bed":2,"minecraft:clay":2},"minecraft:mined":{"biomesoplenty:glowing_moss_block":2,"minecraft:tuff":6,"minecraft:white_bed":2,"minecraft:deepslate_diamond_ore":17,"minecraft:cave_vines_plant":1,"minecraft:granite":15,"biomesoplenty:bush":6,"minecraft:grass_block":4,"minecraft:spruce_leaves":11,"minecraft:large_fern":2,"minecraft:raw_iron_block":3,"minecraft:furnace":11,"minecraft:iron_ore":41,"biomesoplenty:violet":1,"minecraft:andesite":16,"minecraft:stripped_spruce_log":3,"minecraft:gold_block":1,"chococraft:gysahl_green":8,"minecraft:cave_vines":8,"minecraft:deepslate_iron_ore":118,"minecraft:blue_orchid":1,"minecraft:stone":114,"create:limestone":1,"minecraft:deepslate_redstone_ore":13,"biomesoplenty:jacaranda_fence_gate":4,"minecraft:glass_pane":1,"biomesoplenty:glowworm_silk":2,"minecraft:dandelion":3,"minecraft:clay":5,"minecraft:crafting_table":13,"minecraft:poppy":9,"minecraft:rose_bush":1,"minecraft:tall_grass":3,"minecraft:cobblestone":3,"biomesoplenty:sprout":17,"minecraft:deepslate_gold_ore":44,"biomesoplenty:willow_log":7,"minecraft:diorite":25,"minecraft:sweet_berry_bush":46,"minecraft:lilac":1,"minecraft:spruce_log":48,"biomesoplenty:maple_leaves":3,"minecraft:grass":15,"minecraft:oak_log":52,"minecraft:coal_ore":50,"minecraft:gravel":13,"minecraft:dirt":2,"minecraft:sand":24,"minecraft:sunflower":1,"minecraft:gold_ore":8,"create:crimsite":3,"minecraft:oak_leaves":1,"minecraft:deepslate":70,"biomesoplenty:reed":1,"minecraft:fern":10},"minecraft:custom":{"minecraft:mob_kills":118,"minecraft:interact_with_crafting_table":36,"goblintraders:trade_with_goblin":33,"minecraft:leave_game":6,"minecraft:time_since_death":3816,"minecraft:climb_one_cm":2336,"minecraft:sprint_one_cm":486641,"minecraft:walk_one_cm":391915,"minecraft:damage_blocked_by_shield":860,"minecraft:drop":159,"minecraft:play_time":209185,"minecraft:deaths":3,"minecraft:sneak_time":6487,"minecraft:walk_under_water_one_cm":32102,"minecraft:jump":5137,"minecraft:walk_on_water_one_cm":32627,"minecraft:total_world_time":209185,"minecraft:interact_with_furnace":63,"minecraft:sleep_in_bed":3,"minecraft:time_since_rest":3843,"minecraft:damage_taken":3394,"minecraft:damage_dealt":17607,"minecraft:swim_one_cm":43117,"minecraft:fly_one_cm":926182,"minecraft:open_chest":4,"minecraft:crouch_one_cm":14218,"minecraft:fall_one_cm":134180},"minecraft:used":{"create:limestone":1,"minecraft:stone_sword":25,"biomesoplenty:jacaranda_fence_gate":12,"minecraft:tropical_fish":1,"biomesoplenty:glowing_moss_block":9,"minecraft:shield":15,"biomesoplenty:glowshroom":2,"minecraft:iron_sword":262,"minecraft:rotten_flesh":19,"minecraft:dirt":6,"minecraft:tuff":3,"minecraft:granite":1,"minecraft:wooden_axe":62,"minecraft:iron_axe":111,"minecraft:grass_block":1,"minecraft:beef":4,"minecraft:sweet_berries":100,"minecraft:oak_sapling":3,"minecraft:furnace":12,"minecraft:cooked_beef":5,"minecraft:cobbled_deepslate":31,"minecraft:cooked_mutton":24,"minecraft:water_bucket":99,"minecraft:diorite":25,"minecraft:stone_pickaxe":131,"minecraft:wooden_pickaxe":6,"minecraft:clay":2,"biomesoplenty:willow_sapling":5,"minecraft:glow_berries":16,"minecraft:crafting_table":15,"minecraft:white_bed":3,"minecraft:mud":4,"minecraft:iron_pickaxe":426,"minecraft:netherite_axe":7,"biomesoplenty:glowing_moss_carpet":14,"minecraft:stone_axe":3,"travelersbackpack:standard":2,"minecraft:cobblestone":23,"minecraft:cooked_porkchop":3,"minecraft:andesite":1,"minecraft:bucket":101,"chococraft:gysahl_green":21,"minecraft:tropical_fish_bucket":1},"minecraft:picked_up":{"minecraft:mud":4,"minecraft:crafting_table":13,"chococraft:loverly_gysahl_green":3,"minecraft:chicken":2,"minecraft:clay_ball":20,"minecraft:lead":2,"biomesoplenty:violet":1,"minecraft:gold_block":1,"biomesoplenty:jacaranda_fence_gate":4,"minecraft:string":3,"minecraft:raw_copper":5,"create:limestone":1,"minecraft:blue_orchid":1,"minecraft:cobbled_deepslate":85,"minecraft:beef":27,"minecraft:poppy":9,"minecraft:light_gray_wool":1,"minecraft:furnace":12,"minecraft:stick":20,"minecraft:raw_iron":203,"minecraft:porkchop":19,"minecraft:diorite":27,"minecraft:redstone":56,"minecraft:arrow":24,"minecraft:cactus":19,"minecraft:rotten_flesh":51,"minecraft:tropical_fish":1,"biomesoplenty:willow_sapling":5,"minecraft:blue_dye":1,"minecraft:glow_berries":13,"minecraft:mutton":37,"minecraft:white_wool":19,"minecraft:cobblestone":122,"minecraft:feather":2,"minecraft:lilac":2,"minecraft:andesite":16,"minecraft:leather":24,"minecraft:yellow_dye":1,"biomesoplenty:glowshroom":2,"minecraft:flint":1,"minecraft:tuff":6,"minecraft:oak_log":6,"minecraft:gunpowder":1,"minecraft:dirt":22,"biomesoplenty:glowing_moss_carpet":14,"minecraft:cooked_mutton":1,"minecraft:bone":23,"chococraft:gysahl_green":25,"chococraft:gold_gysahl":1,"minecraft:bow":1,"minecraft:wheat_seeds":4,"minecraft:raw_gold":53,"minecraft:iron_ingot":5,"minecraft:iron_sword":1,"minecraft:cooked_porkchop":1,"minecraft:sweet_berries":118,"minecraft:dandelion":3,"minecraft:raw_iron_block":3,"minecraft:gravel":12,"minecraft:sand":24,"chococraft:gysahl_green_seeds":8,"minecraft:stripped_spruce_log":3,"minecraft:spruce_sapling":18,"minecraft:white_bed":3,"minecraft:spruce_log":44,"biomesoplenty:glowing_moss_block":9,"minecraft:spider_eye":4,"travelersbackpack:white_sleeping_bag":1,"biomesoplenty:willow_log":7,"minecraft:diamond":17,"minecraft:granite":16,"minecraft:emerald":1,"minecraft:oak_sapling":4,"minecraft:black_wool":2,"minecraft:coal":164,"minecraft:sunflower":1},"minecraft:broken":{"minecraft:stone_pickaxe":1,"minecraft:iron_sword":1,"minecraft:iron_pickaxe":1,"minecraft:wooden_axe":1},"minecraft:dropped":{"minecraft:iron_ingot":52,"minecraft:stripped_spruce_log":3,"minecraft:iron_sword":1,"chococraft:loverly_gysahl_green":3,"minecraft:wheat_seeds":3,"minecraft:lilac":2,"chococraft:gold_gysahl":1,"minecraft:diamond":7,"minecraft:cobblestone":51,"chococraft:gysahl_green_seeds":8,"minecraft:purple_dye":1,"travelersbackpack:standard":1,"minecraft:stick":2,"minecraft:dirt":16,"minecraft:blue_dye":1,"minecraft:yellow_dye":3,"minecraft:mutton":2,"minecraft:string":3,"minecraft:spruce_sapling":18,"minecraft:gold_ingot":3,"minecraft:redstone":12,"minecraft:stone_axe":1,"minecraft:sweet_berries":36,"minecraft:stone_sword":1,"minecraft:raw_iron":61,"minecraft:rotten_flesh":24,"minecraft:clay_ball":12,"minecraft:iron_boots":1,"minecraft:white_bed":1,"minecraft:light_blue_dye":1,"travelersbackpack:white_sleeping_bag":1,"minecraft:spider_eye":4,"minecraft:spruce_log":6,"minecraft:bow":1,"minecraft:beef":2,"minecraft:stone_pickaxe":1,"minecraft:wooden_pickaxe":1,"chococraft:gysahl_green":4}},"DataVersion":3465}