{"stats":{"minecraft:killed":{"minecraft:skeleton":1,"minecraft:zombie":2,"minecraft:fox":1},"minecraft:dropped":{"minecraft:stripped_spruce_log":3,"minecraft:spruce_log":6,"minecraft:stick":2},"minecraft:used":{"biomesoplenty:jacaranda_fence_gate":10,"minecraft:grass_block":1,"minecraft:iron_axe":13,"minecraft:netherite_axe":7},"minecraft:mined":{"biomesoplenty:jacaranda_fence_gate":2,"minecraft:spruce_leaves":1,"minecraft:spruce_log":6,"minecraft:stripped_spruce_log":3},"minecraft:picked_up":{"minecraft:stick":2,"minecraft:arrow":2,"minecraft:rotten_flesh":4,"biomesoplenty:jacaranda_fence_gate":2,"minecraft:stripped_spruce_log":3,"minecraft:spruce_log":6},"minecraft:custom":{"minecraft:time_since_rest":4008,"minecraft:crouch_one_cm":50,"minecraft:walk_one_cm":19698,"minecraft:play_time":10860,"minecraft:sprint_one_cm":25925,"minecraft:damage_taken":500,"minecraft:deaths":2,"minecraft:sneak_time":117,"minecraft:mob_kills":4,"minecraft:drop":11,"minecraft:jump":229,"minecraft:damage_dealt":700,"minecraft:leave_game":1,"minecraft:time_since_death":3982,"minecraft:total_world_time":10860,"minecraft:fall_one_cm":7636,"minecraft:fly_one_cm":56002}},"DataVersion":3465}