{"stats":{"minecraft:custom":{"minecraft:interact_with_crafting_table":77,"goblintraders:trade_with_goblin":98,"minecraft:bell_ring":1,"minecraft:leave_game":12,"minecraft:time_since_death":289294,"minecraft:sprint_one_cm":1038779,"minecraft:damage_blocked_by_shield":2320,"minecraft:drop":308,"minecraft:talked_to_villager":1007,"minecraft:play_time":649565,"minecraft:deaths":4,"minecraft:jump":10444,"minecraft:walk_on_water_one_cm":52384,"minecraft:interact_with_furnace":103,"minecraft:traded_with_villager":447,"minecraft:interact_with_cartography_table":1,"minecraft:sleep_in_bed":10,"minecraft:damage_dealt":22971,"minecraft:crouch_one_cm":297969,"minecraft:interact_with_smithing_table":9,"minecraft:mob_kills":143,"minecraft:interact_with_anvil":33,"minecraft:climb_one_cm":8495,"minecraft:walk_one_cm":1423848,"minecraft:sneak_time":67106,"minecraft:walk_under_water_one_cm":53472,"minecraft:total_world_time":649565,"minecraft:interact_with_stonecutter":2,"minecraft:time_since_rest":20931,"minecraft:damage_taken":5973,"minecraft:swim_one_cm":54037,"minecraft:fly_one_cm":1603125,"minecraft:open_chest":139,"minecraft:fall_one_cm":279422},"minecraft:used":{"minecraft:diamond_hoe":4933,"minecraft:shield":50,"minecraft:iron_sword":262,"minecraft:rotten_flesh":19,"minecraft:sculk_sensor":18,"minecraft:mutton":3,"chococraft:chocobo_drumstick_cooked":1,"minecraft:tuff":8,"minecraft:villager_spawn_egg":3,"minecraft:grass_block":2,"minecraft:sweet_berries":106,"minecraft:furnace":15,"minecraft:oak_sapling":10,"minecraft:egg":2,"minecraft:diorite":26,"minecraft:stone_pickaxe":131,"minecraft:wooden_pickaxe":6,"minecraft:sugar_cane":10,"minecraft:clay":2,"minecraft:diamond_axe":1242,"biomesoplenty:willow_sapling":5,"minecraft:white_wool":115,"minecraft:glow_berries":50,"minecraft:sand":1,"minecraft:lectern":615,"minecraft:gravel":1,"biomesoplenty:glowing_moss_carpet":14,"minecraft:diamond_sword":27,"minecraft:smithing_table":2,"minecraft:andesite":4,"chococraft:gysahl_green":21,"minecraft:tropical_fish_bucket":1,"minecraft:bone_meal":60,"minecraft:experience_bottle":1,"minecraft:oak_fence":1,"create:limestone":1,"minecraft:stone_sword":25,"biomesoplenty:jacaranda_fence_gate":12,"minecraft:tropical_fish":1,"biomesoplenty:glowing_moss_block":9,"biomesoplenty:glowshroom":2,"minecraft:sculk":34,"minecraft:cooked_chicken":2,"minecraft:torch":5,"minecraft:dirt":54,"minecraft:anvil":2,"minecraft:granite":6,"minecraft:wooden_axe":62,"minecraft:iron_axe":1253,"minecraft:golden_carrot":2,"minecraft:beef":4,"minecraft:minecart":2,"minecraft:cooked_beef":21,"minecraft:cobbled_deepslate":46,"minecraft:cooked_mutton":31,"minecraft:water_bucket":219,"minecraft:cobblestone_stairs":176,"minecraft:cartography_table":1,"minecraft:fletching_table":2,"minecraft:rail":18,"minecraft:crafting_table":18,"minecraft:white_bed":5,"minecraft:mud":4,"minecraft:diamond_pickaxe":446,"minecraft:apple":1,"minecraft:diamond_shovel":13,"minecraft:iron_pickaxe":495,"minecraft:netherite_axe":7,"minecraft:spruce_trapdoor":6,"minecraft:spruce_sapling":73,"minecraft:stone_axe":3,"travelersbackpack:standard":12,"minecraft:cobblestone":59,"minecraft:cooked_porkchop":20,"minecraft:bucket":233,"minecraft:sculk_catalyst":11},"minecraft:crafted":{"minecraft:oak_planks":44,"webdisplays:minepad":1,"travelersbackpack:crafting_upgrade":1,"minecraft:cooked_chicken":2,"minecraft:cobblestone_stairs":256,"minecraft:diamond_shovel":1,"minecraft:bookshelf":2,"minecraft:cooked_mutton":30,"minecraft:green_dye":1,"minecraft:glass":36,"minecraft:diamond_helmet":1,"minecraft:iron_boots":1,"minecraft:chest":3,"travelersbackpack:iron_tier_upgrade":1,"minecraft:emerald":432,"minecraft:cooked_porkchop":19,"minecraft:diamond_axe":1,"minecraft:crafting_table":3,"minecraft:spruce_planks":6608,"minecraft:wooden_pickaxe":1,"minecraft:iron_helmet":1,"travelersbackpack:standard":5,"minecraft:smithing_table":1,"minecraft:gold_block":8,"minecraft:spruce_trapdoor":4,"minecraft:lectern":2,"minecraft:iron_chestplate":1,"minecraft:book":3,"minecraft:purple_dye":1,"minecraft:paper":9,"minecraft:diamond_pickaxe":1,"minecraft:yellow_dye":3,"minecraft:shield":1,"minecraft:stick":13121,"minecraft:light_blue_dye":1,"minecraft:iron_ingot":170,"minecraft:iron_pickaxe":2,"minecraft:stone_sword":1,"minecraft:gold_ingot":159,"minecraft:raw_iron":27,"chococraft:chocobo_drumstick_cooked":1,"minecraft:furnace":3,"webdisplays:craftcomp_batcell":1,"minecraft:bone_meal":60,"travelersbackpack:gold_tier_upgrade":1,"travelersbackpack:blank_upgrade":4,"travelersbackpack:white_sleeping_bag":2,"minecraft:iron_axe":5,"minecraft:spruce_slab":12,"minecraft:stone_pickaxe":2,"minecraft:diamond_boots":1,"travelersbackpack:diamond_tier_upgrade":1,"minecraft:minecart":1,"minecraft:cooked_beef":21,"minecraft:coal_block":19,"minecraft:red_dye":1,"minecraft:diamond_sword":1,"travelersbackpack:backpack_tank":6,"minecraft:iron_sword":1,"minecraft:bucket":1,"minecraft:stone_axe":1,"minecraft:enchanted_book":25,"minecraft:air":0,"minecraft:wooden_axe":1,"minecraft:iron_leggings":1,"minecraft:white_bed":2,"minecraft:music_disc_5":1,"minecraft:clay":2,"minecraft:diamond_chestplate":1},"minecraft:mined":{"minecraft:white_bed":3,"minecraft:cobblestone_stairs":11,"minecraft:sculk_vein":269,"minecraft:spruce_trapdoor":4,"minecraft:cave_vines_plant":1,"minecraft:granite":26,"minecraft:grass_block":13,"minecraft:frosted_ice":9,"minecraft:raw_iron_block":3,"minecraft:sculk_catalyst":24,"minecraft:iron_ore":41,"minecraft:cobbled_deepslate":9,"biomesoplenty:violet":1,"minecraft:fletching_table":3,"minecraft:deepslate_lapis_ore":3,"minecraft:anvil":1,"minecraft:sculk_shrieker":25,"chococraft:gysahl_green":8,"minecraft:cave_vines":8,"minecraft:blue_orchid":1,"create:limestone":1,"minecraft:deepslate_redstone_ore":21,"biomesoplenty:glowworm_silk":2,"minecraft:clay":5,"minecraft:poppy":9,"minecraft:cobblestone":18,"minecraft:white_candle":1,"minecraft:sugar_cane":4,"minecraft:wall_torch":5,"minecraft:lilac":1,"biomesoplenty:maple_leaves":3,"minecraft:grass":19,"minecraft:cracked_deepslate_tiles":1,"biomesoplenty:clover":3,"minecraft:oak_log":63,"minecraft:sand":37,"minecraft:dirt":6,"minecraft:stonecutter":1,"create:crimsite":3,"minecraft:oak_leaves":1,"minecraft:deepslate":242,"biomesoplenty:reed":1,"minecraft:infested_deepslate":1,"biomesoplenty:glowing_moss_block":2,"minecraft:tuff":18,"minecraft:deepslate_diamond_ore":37,"biomesoplenty:bush":6,"minecraft:redstone_wire":20,"minecraft:spruce_leaves":43,"minecraft:cartography_table":1,"minecraft:large_fern":2,"minecraft:spruce_sapling":4,"minecraft:furnace":14,"minecraft:andesite":36,"minecraft:stripped_spruce_log":4,"minecraft:gold_block":1,"minecraft:deepslate_iron_ore":118,"minecraft:rail":34,"minecraft:stone":273,"minecraft:white_wool":106,"minecraft:smithing_table":2,"biomesoplenty:jacaranda_fence_gate":4,"minecraft:glass_pane":2,"minecraft:dandelion":3,"minecraft:crafting_table":16,"minecraft:rose_bush":1,"minecraft:sculk_sensor":82,"minecraft:lectern":616,"minecraft:tall_grass":3,"minecraft:copper_ore":1,"biomesoplenty:huge_clover_petal":8,"biomesoplenty:sprout":17,"minecraft:deepslate_gold_ore":44,"biomesoplenty:willow_log":7,"minecraft:cracked_deepslate_bricks":2,"minecraft:sculk":4568,"minecraft:diorite":38,"minecraft:sweet_berry_bush":46,"minecraft:spruce_log":1683,"minecraft:coal_ore":53,"minecraft:sunflower":1,"minecraft:gravel":14,"minecraft:gold_ore":8,"minecraft:fern":10},"minecraft:broken":{"minecraft:stone_pickaxe":1,"minecraft:iron_sword":1,"minecraft:wooden_axe":1,"minecraft:iron_axe":5,"minecraft:iron_pickaxe":1,"minecraft:iron_helmet":1},"minecraft:dropped":{"minecraft:iron_sword":1,"chococraft:loverly_gysahl_green":3,"minecraft:golden_pickaxe":1,"minecraft:ender_pearl":1,"minecraft:diamond":7,"minecraft:leather":11,"travelersbackpack:standard":1,"minecraft:dirt":16,"minecraft:yellow_dye":3,"minecraft:mutton":2,"minecraft:amethyst_shard":37,"minecraft:gold_ingot":72,"minecraft:bone":15,"minecraft:stone_axe":1,"minecraft:obsidian":2,"minecraft:rotten_flesh":26,"minecraft:white_bed":1,"minecraft:poppy":1,"minecraft:gunpowder":1,"travelersbackpack:white_sleeping_bag":1,"minecraft:beef":2,"chococraft:choco_disguise_helmet":1,"webdisplays:minepad":2,"minecraft:enchanted_book":3,"minecraft:iron_ingot":87,"minecraft:bread":52,"minecraft:stripped_spruce_log":3,"minecraft:wheat_seeds":5,"minecraft:lilac":2,"chococraft:gold_gysahl":1,"minecraft:diamond_leggings":2,"minecraft:cobblestone":51,"chococraft:gysahl_green_seeds":14,"minecraft:purple_dye":1,"minecraft:golden_apple":5,"minecraft:stick":10,"minecraft:blue_dye":2,"minecraft:sculk":5,"minecraft:cactus":1,"minecraft:string":3,"minecraft:spruce_sapling":19,"minecraft:redstone":50,"minecraft:sweet_berries":36,"minecraft:soul_torch":44,"minecraft:stone_sword":1,"chococraft:chocobo_feather":4,"minecraft:raw_iron":61,"minecraft:clay_ball":12,"minecraft:iron_boots":1,"minecraft:name_tag":2,"minecraft:light_blue_dye":1,"minecraft:spruce_boat":1,"minecraft:spruce_planks":4,"minecraft:spider_eye":4,"minecraft:spruce_log":87,"minecraft:bow":1,"minecraft:stone_pickaxe":1,"minecraft:wooden_pickaxe":1,"chococraft:gysahl_green":4},"minecraft:killed":{"minecraft:spider":4,"minecraft:skeleton":25,"minecraft:fox":1,"minecraft:chicken":2,"minecraft:wolf":1,"minecraft:pig":14,"minecraft:zombie_villager":1,"minecraft:iron_golem":1,"minecraft:creeper":1,"minecraft:sheep":24,"minecraft:trader_llama":2,"minecraft:zombie":35,"minecraft:cow":16,"chococraft:chocobo":1,"minecraft:horse":5,"minecraft:wandering_trader":1,"minecraft:villager":2,"minecraft:enderman":3},"minecraft:picked_up":{"chococraft:loverly_gysahl_green":3,"minecraft:anvil":2,"minecraft:smithing_table":2,"minecraft:lead":2,"biomesoplenty:violet":1,"minecraft:enchanted_book":3,"create:limestone":1,"minecraft:string":3,"minecraft:raw_copper":7,"minecraft:diamond_leggings":1,"minecraft:cobbled_deepslate":263,"minecraft:spruce_planks":4,"minecraft:furnace":15,"minecraft:stick":166,"minecraft:oak_fence":1,"minecraft:torch":5,"minecraft:porkchop":22,"minecraft:diorite":40,"minecraft:cactus":19,"minecraft:rotten_flesh":54,"minecraft:tropical_fish":1,"minecraft:blue_dye":1,"chococraft:chocobo_drumstick_raw":1,"minecraft:cobblestone":317,"minecraft:feather":2,"minecraft:lilac":2,"minecraft:andesite":36,"biomesoplenty:glowshroom":2,"minecraft:flint":1,"minecraft:tuff":18,"minecraft:dirt":70,"minecraft:bone":37,"minecraft:stonecutter":1,"minecraft:bow":1,"minecraft:wheat_seeds":6,"minecraft:raw_gold":54,"minecraft:fletching_table":4,"minecraft:cooked_porkchop":1,"minecraft:sand":37,"minecraft:stripped_spruce_log":4,"minecraft:grass_block":1,"travelersbackpack:white_sleeping_bag":1,"minecraft:white_candle":2,"biomesoplenty:willow_log":7,"minecraft:diamond":64,"minecraft:spruce_boat":1,"webdisplays:minepad":2,"minecraft:granite":27,"minecraft:golden_apple":5,"minecraft:emerald":2,"minecraft:bread":52,"minecraft:oak_sapling":11,"minecraft:mud":4,"minecraft:crafting_table":16,"minecraft:chicken":2,"minecraft:clay_ball":20,"minecraft:golden_pickaxe":1,"minecraft:gold_block":1,"biomesoplenty:jacaranda_fence_gate":4,"minecraft:blue_orchid":1,"minecraft:cartography_table":1,"minecraft:beef":27,"minecraft:lectern":614,"minecraft:poppy":11,"minecraft:light_gray_wool":1,"minecraft:minecart":3,"minecraft:sugar_cane":10,"minecraft:spruce_trapdoor":4,"minecraft:egg":2,"minecraft:raw_iron":217,"minecraft:redstone":102,"minecraft:arrow":26,"biomesoplenty:willow_sapling":5,"minecraft:gold_ingot":68,"minecraft:glow_berries":13,"minecraft:mutton":40,"minecraft:white_wool":127,"minecraft:rail":37,"minecraft:cracked_deepslate_tiles":1,"minecraft:leather":37,"minecraft:yellow_dye":1,"minecraft:oak_log":17,"minecraft:yellow_bed":1,"minecraft:gunpowder":1,"minecraft:cobblestone_stairs":11,"biomesoplenty:glowing_moss_carpet":14,"minecraft:cooked_mutton":1,"chococraft:chocobo_feather":4,"chococraft:gysahl_green":25,"minecraft:apple":2,"chococraft:gold_gysahl":1,"minecraft:iron_ingot":9,"minecraft:iron_sword":1,"minecraft:sweet_berries":118,"minecraft:sculk":5,"minecraft:dandelion":3,"minecraft:raw_iron_block":3,"minecraft:gravel":13,"minecraft:amethyst_shard":1,"minecraft:spruce_sapling":262,"chococraft:gysahl_green_seeds":14,"minecraft:soul_torch":44,"minecraft:white_bed":7,"minecraft:spruce_log":1659,"biomesoplenty:glowing_moss_block":9,"minecraft:spider_eye":4,"chococraft:choco_disguise_helmet":1,"minecraft:black_wool":2,"minecraft:coal":195,"minecraft:sunflower":1,"minecraft:ender_pearl":2}},"DataVersion":3465}