{"stats":{"minecraft:custom":{"minecraft:animals_bred":11,"minecraft:interact_with_crafting_table":163,"minecraft:bell_ring":48,"minecraft:leave_game":6,"minecraft:time_since_death":248682,"minecraft:sprint_one_cm":1116618,"minecraft:damage_blocked_by_shield":2447,"minecraft:drop":213,"minecraft:talked_to_villager":492,"minecraft:play_time":793956,"minecraft:deaths":4,"minecraft:jump":9689,"minecraft:walk_on_water_one_cm":66799,"minecraft:interact_with_furnace":127,"minecraft:traded_with_villager":305,"minecraft:sleep_in_bed":22,"minecraft:damage_dealt":29480,"minecraft:crouch_one_cm":141672,"minecraft:interact_with_anvil":9,"minecraft:mob_kills":121,"minecraft:climb_one_cm":1601,"minecraft:walk_one_cm":2518804,"minecraft:sneak_time":42930,"minecraft:walk_under_water_one_cm":97069,"minecraft:boat_one_cm":53311,"minecraft:total_world_time":793956,"minecraft:interact_with_stonecutter":4,"minecraft:time_since_rest":112978,"minecraft:damage_taken":5784,"minecraft:swim_one_cm":116942,"minecraft:fly_one_cm":1449762,"minecraft:open_chest":152,"minecraft:fall_one_cm":272407},"minecraft:used":{"minecraft:moss_block":3,"minecraft:iron_shovel":168,"minecraft:poppy":4,"minecraft:chest":8,"minecraft:shield":74,"minecraft:iron_sword":299,"minecraft:bell":3,"minecraft:rotten_flesh":4,"paraglider:goddess_statue":1,"securitycraft:keypad_item":2,"minecraft:carrot":9,"minecraft:tuff":7,"minecraft:axolotl_bucket":13,"minecraft:obsidian":1,"minecraft:spruce_boat":19,"minecraft:lava_bucket":1,"minecraft:grass_block":4,"chococraft:straw":15,"minecraft:golden_sword":32,"minecraft:sweet_berries":61,"minecraft:furnace":16,"minecraft:potato":4,"minecraft:diorite":1,"minecraft:spruce_door":2,"securitycraft:door_indestructible_iron_item":6,"securitycraft:reinforced_spruce_planks":436,"minecraft:stone_pickaxe":112,"create:crimsite":5,"securitycraft:keypad_frame":1,"minecraft:composter":6,"minecraft:diamond_axe":154,"elevatorid:elevator_white":3,"securitycraft:universal_block_remover":27,"minecraft:bread":39,"minecraft:lectern":310,"minecraft:gravel":3,"minecraft:diamond_sword":86,"minecraft:andesite":9,"chococraft:gysahl_green":52,"minecraft:bone_meal":27,"minecraft:oak_fence":6,"biomesoplenty:redwood_planks":12,"minecraft:spruce_planks":28,"minecraft:torch":40,"minecraft:dirt":83,"minecraft:anvil":3,"minecraft:spruce_stairs":60,"chococraft:choco_disguise_helmet":1,"minecraft:diamond_helmet":1,"minecraft:spruce_fence":6,"minecraft:oak_fence_gate":1,"chococraft:chocobo_drumstick_raw":2,"paraglider:horned_statue":1,"minecraft:wooden_axe":95,"minecraft:bookshelf":5,"minecraft:iron_axe":1634,"securitycraft:universal_block_modifier":3,"minecraft:minecart":31,"minecraft:cooked_beef":27,"minecraft:cobbled_deepslate":47,"minecraft:golden_axe":31,"minecraft:wheat_seeds":18,"minecraft:cooked_mutton":12,"minecraft:water_bucket":73,"minecraft:cartography_table":1,"minecraft:spruce_sign":7,"minecraft:glow_ink_sac":4,"minecraft:fletching_table":6,"minecraft:stonecutter":3,"minecraft:spruce_fence_gate":9,"minecraft:cobblestone_slab":1,"minecraft:deepslate_bricks":67,"minecraft:rail":187,"securitycraft:reinforced_stone_bricks":383,"minecraft:crafting_table":9,"minecraft:white_bed":11,"minecraft:spruce_log":27,"minecraft:mud":3,"minecraft:wooden_hoe":112,"minecraft:diamond_pickaxe":1711,"chococraft:gysahl_green_seeds":195,"minecraft:iron_pickaxe":1856,"minecraft:spruce_trapdoor":13,"minecraft:spruce_sapling":137,"minecraft:stone_axe":257,"minecraft:cobblestone":573,"travelersbackpack:standard":4,"minecraft:porkchop":5,"minecraft:cooked_porkchop":2,"minecraft:bucket":88,"minecraft:yellow_bed":2,"minecraft:soul_torch":22},"minecraft:crafted":{"minecraft:cobblestone_slab":6,"webdisplays:minepad":1,"chococraft:chocobo_whistle":1,"minecraft:stone":397,"securitycraft:keypad_item":1,"minecraft:bookshelf":11,"minecraft:heavy_weighted_pressure_plate":1,"minecraft:cooked_mutton":12,"minecraft:green_dye":1,"securitycraft:laser_block":3,"minecraft:glass":29,"minecraft:diamond_helmet":1,"minecraft:iron_boots":1,"minecraft:chest":9,"minecraft:iron_door":3,"minecraft:rail":32,"minecraft:stone_bricks":372,"chococraft:straw":18,"minecraft:emerald":285,"minecraft:cooked_porkchop":3,"minecraft:diamond_axe":1,"minecraft:crafting_table":2,"minecraft:spruce_planks":5359,"securitycraft:reinforced_stone_button":11,"travelersbackpack:standard":1,"minecraft:iron_helmet":1,"minecraft:spruce_door":3,"chococraft:chocopedia":1,"minecraft:fletching_table":3,"minecraft:spruce_trapdoor":12,"minecraft:lectern":6,"minecraft:paper":39,"minecraft:iron_chestplate":1,"minecraft:book":12,"minecraft:wooden_hoe":4,"minecraft:diamond_pickaxe":1,"minecraft:shield":1,"minecraft:stick":8981,"minecraft:iron_ingot":50,"minecraft:iron_pickaxe":8,"minecraft:iron_block":3,"minecraft:gold_ingot":8,"securitycraft:whitelist_module":1,"minecraft:composter":2,"minecraft:spruce_fence_gate":6,"minecraft:shears":1,"securitycraft:universal_block_reinforcer_lvl1":3,"minecraft:furnace":9,"webdisplays:craftcomp_batcell":1,"securitycraft:smart_module":1,"minecraft:bone_meal":27,"minecraft:spruce_fence":6,"securitycraft:keypad_frame":1,"minecraft:glass_pane":16,"minecraft:spruce_stairs":56,"travelersbackpack:white_sleeping_bag":1,"minecraft:iron_axe":7,"securitycraft:universal_block_remover":1,"minecraft:spruce_slab":42,"minecraft:stone_pickaxe":1,"minecraft:diamond_boots":1,"minecraft:spruce_boat":2,"minecraft:redstone_block":3,"minecraft:minecart":1,"minecraft:wheat":261,"minecraft:cooked_beef":39,"minecraft:red_dye":2,"minecraft:diamond_sword":1,"elevatorid:elevator_white":2,"securitycraft:universal_block_modifier":1,"minecraft:spruce_sign":6,"biomesoplenty:redwood_planks":12,"travelersbackpack:backpack_tank":2,"minecraft:iron_sword":1,"minecraft:bucket":2,"minecraft:stone_axe":2,"minecraft:enchanted_book":13,"minecraft:bread":67,"minecraft:air":0,"securitycraft:door_indestructible_iron_item":1,"minecraft:wooden_axe":2,"minecraft:iron_shovel":1,"minecraft:iron_leggings":1,"chococraft:chocobo_saddle":2,"minecraft:stonecutter":1,"minecraft:anvil":1,"minecraft:torch":32,"chococraft:choco_disguise_helmet":1,"minecraft:diamond_chestplate":2},"minecraft:mined":{"create:deepslate_zinc_ore":6,"minecraft:spruce_planks":7,"minecraft:white_bed":15,"minecraft:farmland":5,"minecraft:sculk_vein":1,"minecraft:obsidian":1,"minecraft:spruce_trapdoor":2,"minecraft:granite":17,"minecraft:grass_block":20,"minecraft:deepslate_bricks":1,"minecraft:frosted_ice":4,"minecraft:composter":4,"minecraft:iron_ore":36,"minecraft:cobbled_deepslate":8,"minecraft:fire":1,"minecraft:fletching_table":3,"minecraft:anvil":3,"minecraft:azure_bluet":3,"chococraft:gysahl_green":226,"biomesoplenty:glowshroom_block":9,"minecraft:dirt_path":5,"minecraft:oak_stairs":1,"minecraft:azalea":2,"create:veridium":35,"minecraft:deepslate_redstone_ore":12,"minecraft:soul_wall_torch":2,"biomesoplenty:glowworm_silk":1,"minecraft:clay":2,"minecraft:poppy":2,"create:scoria":1,"minecraft:mushroom_stem":4,"minecraft:spruce_wall_sign":3,"minecraft:cobblestone":131,"minecraft:white_candle":14,"minecraft:sugar_cane":17,"minecraft:oak_planks":1,"minecraft:wall_torch":5,"minecraft:skeleton_skull":1,"minecraft:seagrass":1,"minecraft:mud":3,"biomesoplenty:glowworm_silk_strand":5,"paraglider:horned_statue":1,"minecraft:wheat":21,"minecraft:grass":35,"biomesoplenty:clover":53,"minecraft:oak_fence_gate":1,"minecraft:sand":34,"minecraft:dirt":85,"minecraft:stonecutter":2,"minecraft:netherrack":13,"create:crimsite":40,"minecraft:oak_leaves":4,"minecraft:deepslate":387,"create:zinc_ore":3,"minecraft:infested_deepslate":1,"minecraft:diamond_ore":1,"minecraft:tuff":5,"minecraft:deepslate_diamond_ore":38,"minecraft:spruce_leaves":45,"minecraft:moss_block":4,"minecraft:cartography_table":1,"minecraft:hay_block":29,"minecraft:spruce_sapling":24,"minecraft:furnace":7,"minecraft:carrots":10,"minecraft:andesite":32,"minecraft:chiseled_deepslate":1,"minecraft:bell":3,"minecraft:bookshelf":5,"minecraft:potatoes":5,"biomesoplenty:high_grass":2,"minecraft:deepslate_iron_ore":14,"minecraft:rail":160,"minecraft:stone":2397,"minecraft:white_wool":9,"minecraft:oak_fence":6,"minecraft:crafting_table":7,"minecraft:emerald_ore":2,"minecraft:sculk_sensor":2,"minecraft:lectern":303,"biomesoplenty:high_grass_plant":5,"minecraft:tall_grass":2,"biomesoplenty:huge_clover_petal":36,"biomesoplenty:sprout":5,"minecraft:lapis_ore":9,"minecraft:deepslate_gold_ore":9,"minecraft:sculk":13,"minecraft:diorite":71,"minecraft:spruce_stairs":5,"minecraft:sweet_berry_bush":8,"minecraft:spruce_log":1460,"minecraft:yellow_bed":5,"elevatorid:elevator_white":1,"minecraft:coal_ore":159,"minecraft:gravel":105,"minecraft:spruce_fence_gate":3,"minecraft:gold_ore":1,"biomesoplenty:redwood_wood":4,"minecraft:infested_stone":2,"paraglider:goddess_statue":2},"minecraft:broken":{"minecraft:golden_sword":1,"minecraft:stone_axe":2,"minecraft:wooden_axe":1,"securitycraft:universal_block_reinforcer_lvl1":2,"minecraft:golden_axe":1,"minecraft:iron_axe":7,"minecraft:iron_pickaxe":7},"minecraft:dropped":{"minecraft:iron_sword":2,"chococraft:loverly_gysahl_green":4,"minecraft:golden_pickaxe":1,"minecraft:diamond":48,"minecraft:cooked_porkchop":1,"create:crimsite":35,"minecraft:emerald":1,"minecraft:dirt":69,"minecraft:bone_meal":1,"minecraft:sand":5,"securitycraft:reinforced_stone_bricks":1,"minecraft:white_wool":5,"minecraft:bone":6,"minecraft:gravel":34,"minecraft:sugar_cane":1,"minecraft:cobbled_deepslate":2,"minecraft:wheat":41,"minecraft:rotten_flesh":4,"securitycraft:reinforced_spruce_planks":49,"minecraft:white_bed":4,"minecraft:chiseled_deepslate":1,"minecraft:poppy":12,"minecraft:gunpowder":4,"create:scoria":2,"minecraft:azalea":3,"minecraft:arrow":7,"minecraft:beef":39,"chococraft:choco_disguise_helmet":2,"minecraft:lectern":1,"webdisplays:minepad":1,"minecraft:enchanted_book":1,"minecraft:water_bucket":2,"minecraft:iron_ingot":12,"minecraft:bread":117,"minecraft:wheat_seeds":13,"minecraft:diamond_leggings":1,"minecraft:cobblestone":625,"minecraft:apple":3,"chococraft:gysahl_green_seeds":73,"minecraft:granite":10,"minecraft:spruce_stairs":2,"minecraft:grass_block":2,"minecraft:coal":2,"minecraft:stick":999,"chococraft:chocobo_whistle":1,"minecraft:spruce_fence_gate":1,"minecraft:wooden_hoe":2,"minecraft:torch":3,"minecraft:wooden_axe":1,"minecraft:flowering_azalea":1,"minecraft:iron_axe":1,"minecraft:red_dye":1,"biomesoplenty:glowshroom":1,"minecraft:bucket":3,"minecraft:spruce_sapling":55,"minecraft:redstone":10,"minecraft:furnace":1,"minecraft:anvil":2,"minecraft:moss_carpet":6,"minecraft:clay_ball":8,"minecraft:potato":2,"minecraft:spruce_boat":4,"minecraft:stone":12,"create:veridium":35,"minecraft:diamond_chestplate":1,"minecraft:spruce_trapdoor":1,"minecraft:spruce_planks":576,"minecraft:yellow_bed":4,"minecraft:spruce_log":352,"minecraft:stone_pickaxe":2,"minecraft:raw_gold":2,"securitycraft:universal_block_reinforcer_lvl1":1,"minecraft:bell":2,"chococraft:gysahl_green":152},"minecraft:killed":{"minecraft:spider":8,"minecraft:skeleton":17,"minecraft:silverfish":4,"minecraft:pig":4,"minecraft:iron_golem":13,"minecraft:creeper":3,"minecraft:sheep":11,"minecraft:zombie":21,"minecraft:glow_squid":3,"minecraft:cow":18,"chococraft:chocobo":5,"minecraft:enderman":7},"minecraft:picked_up":{"minecraft:chiseled_deepslate":1,"chococraft:loverly_gysahl_green":29,"minecraft:wheat":46,"securitycraft:keypad_item":1,"minecraft:anvil":4,"minecraft:enchanted_book":1,"paraglider:goddess_statue":2,"minecraft:string":5,"minecraft:diamond_leggings":2,"minecraft:cobbled_deepslate":376,"minecraft:bucket":3,"securitycraft:reinforced_spruce_planks":572,"minecraft:spruce_planks":673,"minecraft:red_dye":1,"minecraft:azalea":3,"biomesoplenty:redwood_wood":3,"minecraft:furnace":8,"minecraft:stick":747,"minecraft:composter":4,"minecraft:oak_fence":6,"minecraft:torch":16,"minecraft:spruce_stairs":7,"minecraft:porkchop":8,"minecraft:diorite":69,"minecraft:cactus":1,"minecraft:rotten_flesh":20,"create:scoria":2,"securitycraft:reinforced_cobbled_deepslate":1,"minecraft:blue_dye":1,"create:veridium":35,"chococraft:chocobo_drumstick_cooked":2,"chococraft:chocobo_drumstick_raw":2,"minecraft:obsidian":3,"minecraft:cobblestone":2792,"minecraft:water_bucket":3,"minecraft:andesite":19,"biomesoplenty:glowshroom":1,"minecraft:potato":6,"minecraft:flint":7,"minecraft:tuff":7,"create:raw_zinc":9,"minecraft:lapis_lazuli":61,"minecraft:dirt":187,"minecraft:name_tag":2,"minecraft:bone":19,"minecraft:stonecutter":2,"minecraft:bow":3,"minecraft:wheat_seeds":35,"minecraft:raw_gold":10,"minecraft:bell":7,"minecraft:fletching_table":3,"minecraft:moss_block":3,"minecraft:sand":34,"minecraft:grass_block":6,"securitycraft:reinforced_stone":11,"minecraft:white_candle":27,"minecraft:spruce_fence_gate":4,"create:crimsite":40,"minecraft:diamond":123,"minecraft:spruce_boat":22,"webdisplays:minepad":1,"minecraft:granite":10,"minecraft:bone_meal":1,"minecraft:emerald":4,"minecraft:spruce_sign":3,"minecraft:bread":61,"minecraft:mud":3,"minecraft:crafting_table":7,"minecraft:azure_bluet":3,"minecraft:clay_ball":8,"minecraft:golden_pickaxe":1,"minecraft:moss_carpet":6,"minecraft:iron_axe":2,"minecraft:cartography_table":1,"minecraft:beef":78,"minecraft:minecart":30,"minecraft:poppy":30,"minecraft:lectern":306,"minecraft:sugar_cane":50,"minecraft:spruce_trapdoor":2,"minecraft:raw_iron":50,"minecraft:stone":12,"minecraft:carrot":9,"minecraft:redstone":106,"minecraft:arrow":15,"minecraft:diamond_chestplate":1,"minecraft:deepslate_bricks":1,"minecraft:hay_block":29,"securitycraft:reinforced_stone_bricks":385,"paraglider:horned_statue":1,"minecraft:skeleton_skull":1,"minecraft:mutton":17,"minecraft:rail":161,"minecraft:white_wool":25,"minecraft:glow_ink_sac":4,"minecraft:leather":19,"minecraft:yellow_bed":6,"minecraft:gunpowder":8,"chococraft:chocobo_feather":53,"chococraft:gysahl_green":664,"minecraft:stone_bricks":32,"chococraft:gold_gysahl":9,"minecraft:oak_fence_gate":1,"minecraft:iron_ingot":144,"minecraft:stone_pickaxe":2,"securitycraft:universal_block_reinforcer_lvl1":1,"minecraft:iron_sword":2,"minecraft:flowering_azalea":1,"minecraft:book":16,"elevatorid:elevator_white":1,"minecraft:sweet_berries":42,"minecraft:gravel":135,"minecraft:amethyst_shard":36,"minecraft:soul_torch":2,"chococraft:gysahl_green_seeds":275,"minecraft:spruce_sapling":211,"minecraft:white_bed":15,"minecraft:spruce_log":1861,"minecraft:spider_eye":1,"chococraft:choco_disguise_helmet":2,"chococraft:chocobo_whistle":1,"securitycraft:door_indestructible_iron_item":5,"minecraft:coal":166,"minecraft:ender_pearl":3}},"DataVersion":3465}