{"stats":{"minecraft:killed":{"minecraft:pig":4,"minecraft:skeleton":5,"minecraft:zombie":1,"minecraft:glow_squid":3},"minecraft:crafted":{"minecraft:cooked_porkchop":3,"minecraft:crafting_table":1,"minecraft:spruce_planks":20,"minecraft:iron_helmet":1,"minecraft:furnace":1,"minecraft:bucket":2,"minecraft:air":0,"minecraft:iron_chestplate":1,"minecraft:iron_boots":1,"minecraft:shield":1,"minecraft:iron_axe":1,"minecraft:stick":4,"minecraft:iron_pickaxe":1,"minecraft:wooden_axe":2,"minecraft:gold_ingot":1,"minecraft:iron_leggings":1,"minecraft:torch":4,"minecraft:wheat":36},"minecraft:broken":{"minecraft:wooden_axe":1},"minecraft:custom":{"minecraft:interact_with_furnace":4,"minecraft:mob_kills":13,"minecraft:interact_with_crafting_table":11,"minecraft:leave_game":3,"minecraft:time_since_death":26558,"minecraft:climb_one_cm":842,"minecraft:time_since_rest":27374,"minecraft:sprint_one_cm":231577,"minecraft:damage_taken":1403,"minecraft:walk_one_cm":215651,"minecraft:damage_blocked_by_shield":525,"minecraft:drop":15,"minecraft:damage_dealt":1935,"minecraft:talked_to_villager":2,"minecraft:swim_one_cm":47705,"minecraft:fly_one_cm":324168,"minecraft:open_chest":1,"minecraft:crouch_one_cm":4381,"minecraft:play_time":86210,"minecraft:deaths":2,"minecraft:sneak_time":1860,"minecraft:walk_under_water_one_cm":28148,"minecraft:jump":1941,"minecraft:walk_on_water_one_cm":31252,"minecraft:total_world_time":86210,"minecraft:fall_one_cm":56521},"minecraft:used":{"minecraft:moss_block":3,"minecraft:water_bucket":28,"minecraft:diorite":1,"minecraft:stone_pickaxe":23,"minecraft:shield":18,"minecraft:rotten_flesh":3,"minecraft:torch":1,"minecraft:crafting_table":4,"minecraft:tuff":7,"minecraft:axolotl_bucket":7,"minecraft:mud":3,"minecraft:wooden_axe":95,"minecraft:lava_bucket":1,"minecraft:bread":4,"minecraft:iron_axe":72,"minecraft:iron_pickaxe":209,"minecraft:spruce_sapling":8,"minecraft:gravel":3,"minecraft:cobblestone":3,"minecraft:sweet_berries":61,"minecraft:cooked_porkchop":2,"minecraft:furnace":2,"minecraft:porkchop":5,"minecraft:andesite":9,"minecraft:bucket":38,"minecraft:cobbled_deepslate":27},"minecraft:picked_up":{"minecraft:mud":3,"chococraft:loverly_gysahl_green":3,"minecraft:crafting_table":4,"minecraft:clay_ball":8,"minecraft:glow_ink_sac":4,"minecraft:andesite":9,"biomesoplenty:glowshroom":1,"minecraft:tuff":7,"paraglider:goddess_statue":2,"minecraft:dirt":22,"minecraft:moss_carpet":6,"minecraft:bone":4,"chococraft:gysahl_green":60,"chococraft:gold_gysahl":2,"minecraft:bow":1,"minecraft:wheat_seeds":6,"minecraft:raw_gold":9,"minecraft:cobbled_deepslate":101,"minecraft:bell":1,"minecraft:iron_ingot":52,"minecraft:stone_pickaxe":1,"minecraft:azalea":3,"minecraft:lectern":1,"minecraft:moss_block":3,"minecraft:flowering_azalea":1,"minecraft:furnace":1,"minecraft:book":12,"minecraft:stick":17,"minecraft:raw_iron":15,"minecraft:sweet_berries":42,"minecraft:torch":3,"minecraft:gravel":3,"minecraft:porkchop":8,"chococraft:gysahl_green_seeds":22,"minecraft:spruce_sapling":13,"minecraft:diorite":1,"minecraft:white_bed":1,"minecraft:spruce_log":48,"minecraft:redstone":5,"minecraft:arrow":4,"minecraft:rotten_flesh":3,"minecraft:diamond":7,"minecraft:hay_block":4,"minecraft:coal":10,"minecraft:cobblestone":47},"minecraft:dropped":{"minecraft:moss_carpet":6,"minecraft:wheat_seeds":6,"minecraft:cooked_porkchop":1,"minecraft:dirt":22,"minecraft:torch":3,"minecraft:wooden_axe":1,"minecraft:azalea":3,"minecraft:flowering_azalea":1,"minecraft:arrow":4,"minecraft:stone_pickaxe":1,"biomesoplenty:glowshroom":1,"minecraft:bone":2},"minecraft:mined":{"minecraft:diamond_ore":1,"minecraft:tuff":4,"minecraft:white_bed":1,"minecraft:deepslate_diamond_ore":6,"biomesoplenty:glowworm_silk":1,"minecraft:clay":2,"minecraft:crafting_table":4,"minecraft:grass_block":3,"minecraft:lectern":1,"minecraft:mushroom_stem":4,"minecraft:tall_grass":2,"biomesoplenty:huge_clover_petal":8,"minecraft:deepslate_gold_ore":9,"minecraft:spruce_leaves":3,"biomesoplenty:sprout":5,"minecraft:moss_block":4,"minecraft:diorite":3,"minecraft:hay_block":4,"minecraft:furnace":1,"minecraft:mud":3,"biomesoplenty:glowworm_silk_strand":5,"minecraft:cobbled_deepslate":3,"minecraft:iron_ore":1,"minecraft:sweet_berry_bush":8,"minecraft:spruce_log":60,"minecraft:andesite":9,"minecraft:bell":1,"minecraft:bookshelf":4,"minecraft:grass":6,"biomesoplenty:clover":11,"chococraft:gysahl_green":22,"biomesoplenty:glowshroom_block":9,"minecraft:coal_ore":11,"minecraft:deepslate_iron_ore":14,"minecraft:dirt":8,"minecraft:azalea":2,"minecraft:stone":51,"minecraft:gold_ore":1,"minecraft:deepslate":91,"paraglider:goddess_statue":2}},"DataVersion":3465}