{"stats":{"minecraft:crafted":{"minecraft:cobblestone_slab":6,"webdisplays:minepad":1,"chococraft:chocobo_whistle":1,"travelersbackpack:crafting_upgrade":1,"minecraft:stone":791,"minecraft:diamond_shovel":1,"securitycraft:keypad_item":2,"minecraft:bookshelf":16,"minecraft:heavy_weighted_pressure_plate":2,"minecraft:cooked_mutton":12,"minecraft:green_dye":1,"securitycraft:laser_block":5,"minecraft:glass":55,"minecraft:diamond_helmet":1,"minecraft:iron_boots":1,"minecraft:chest":10,"minecraft:iron_door":6,"minecraft:rail":32,"minecraft:stone_bricks":744,"securitycraft:keypad_door_item":1,"chococraft:straw":18,"travelersbackpack:iron_tier_upgrade":1,"minecraft:emerald":503,"minecraft:cooked_porkchop":3,"minecraft:diamond_axe":2,"minecraft:crafting_table":3,"minecraft:spruce_planks":9303,"securitycraft:reinforced_stone_button":11,"travelersbackpack:standard":5,"minecraft:iron_helmet":1,"minecraft:spruce_door":3,"minecraft:smithing_table":1,"chococraft:chocopedia":1,"minecraft:copper_ingot":63,"minecraft:fletching_table":3,"minecraft:painting":1,"minecraft:spruce_trapdoor":28,"minecraft:lectern":6,"minecraft:book":13,"minecraft:iron_chestplate":1,"minecraft:wooden_hoe":5,"minecraft:paper":45,"minecraft:diamond_pickaxe":2,"minecraft:shield":1,"minecraft:stick":16012,"minecraft:iron_ingot":135,"minecraft:iron_pickaxe":8,"minecraft:iron_block":6,"minecraft:gold_ingot":29,"securitycraft:whitelist_module":1,"minecraft:composter":2,"minecraft:spruce_fence_gate":20,"minecraft:shears":2,"securitycraft:universal_block_reinforcer_lvl1":5,"securitycraft:disguise_module":1,"securitycraft:reinforced_stone_brick_stairs":4,"minecraft:furnace":9,"minecraft:stone_button":24,"webdisplays:craftcomp_batcell":1,"securitycraft:smart_module":1,"minecraft:bone_meal":36,"minecraft:spruce_fence":54,"securitycraft:keypad_frame":2,"travelersbackpack:blank_upgrade":4,"travelersbackpack:gold_tier_upgrade":1,"minecraft:glass_pane":32,"minecraft:flint_and_steel":1,"minecraft:spruce_stairs":72,"travelersbackpack:white_sleeping_bag":1,"minecraft:iron_axe":7,"securitycraft:universal_block_remover":2,"minecraft:spruce_slab":42,"minecraft:stone_pickaxe":1,"minecraft:diamond_boots":1,"minecraft:spruce_boat":2,"minecraft:redstone_block":5,"travelersbackpack:diamond_tier_upgrade":1,"minecraft:minecart":1,"minecraft:wheat":261,"minecraft:cooked_beef":39,"minecraft:red_dye":2,"minecraft:diamond_sword":1,"elevatorid:elevator_white":2,"securitycraft:universal_block_modifier":1,"minecraft:spruce_sign":12,"biomesoplenty:redwood_planks":12,"travelersbackpack:backpack_tank":4,"minecraft:iron_sword":1,"minecraft:bucket":5,"minecraft:stone_axe":2,"minecraft:enchanted_book":21,"minecraft:air":0,"minecraft:bread":78,"securitycraft:door_indestructible_iron_item":2,"minecraft:wooden_axe":2,"minecraft:iron_shovel":1,"minecraft:iron_leggings":1,"chococraft:chocobo_saddle":2,"minecraft:stonecutter":1,"minecraft:anvil":1,"create:copper_diving_helmet":1,"minecraft:torch":72,"chococraft:choco_disguise_helmet":1,"minecraft:diamond_chestplate":2},"minecraft:killed":{"minecraft:zombified_piglin":2,"minecraft:spider":9,"minecraft:skeleton":18,"minecraft:silverfish":8,"minecraft:pig":4,"minecraft:iron_golem":13,"minecraft:creeper":5,"minecraft:sheep":11,"minecraft:zombie":38,"minecraft:glow_squid":7,"minecraft:cow":24,"chococraft:chocobo":22,"minecraft:drowned":2,"minecraft:enderman":7},"minecraft:mined":{"create:deepslate_zinc_ore":6,"minecraft:spruce_planks":7,"minecraft:white_bed":15,"minecraft:farmland":5,"minecraft:sculk_vein":1,"minecraft:cobblestone_stairs":7,"minecraft:obsidian":36,"minecraft:spruce_trapdoor":5,"minecraft:granite":35,"minecraft:grass_block":24,"minecraft:deepslate_bricks":1,"minecraft:frosted_ice":7,"minecraft:composter":4,"minecraft:spawner":1,"minecraft:sculk_catalyst":1,"minecraft:iron_ore":83,"minecraft:cobbled_deepslate":19,"minecraft:fire":4,"minecraft:anvil":3,"minecraft:fletching_table":3,"minecraft:azure_bluet":10,"chococraft:gysahl_green":943,"biomesoplenty:glowshroom_block":9,"minecraft:dirt_path":28,"minecraft:oak_stairs":1,"minecraft:azalea":2,"create:veridium":89,"minecraft:deepslate_redstone_ore":12,"minecraft:soul_wall_torch":2,"biomesoplenty:glowworm_silk":1,"minecraft:soul_fire":1,"minecraft:clay":2,"minecraft:poppy":3,"create:scoria":1,"minecraft:mushroom_stem":4,"minecraft:spruce_wall_sign":5,"minecraft:cobblestone":197,"minecraft:white_candle":15,"minecraft:oak_planks":1,"minecraft:sugar_cane":28,"minecraft:wall_torch":5,"minecraft:skeleton_skull":1,"minecraft:seagrass":1,"minecraft:mud":3,"biomesoplenty:glowworm_silk_strand":5,"paraglider:horned_statue":1,"minecraft:wheat":33,"minecraft:grass":58,"biomesoplenty:clover":67,"minecraft:oak_fence_gate":1,"minecraft:sand":61,"minecraft:dirt":93,"minecraft:smooth_basalt":3,"minecraft:stonecutter":2,"minecraft:netherrack":13,"create:crimsite":40,"minecraft:deepslate":535,"minecraft:oak_leaves":5,"minecraft:infested_deepslate":1,"create:zinc_ore":3,"minecraft:diamond_ore":1,"minecraft:tuff":45,"minecraft:deepslate_diamond_ore":38,"biomesoplenty:bush":7,"minecraft:spruce_fence":10,"minecraft:spruce_leaves":52,"minecraft:cartography_table":1,"minecraft:moss_block":4,"minecraft:hay_block":29,"minecraft:spruce_sapling":25,"minecraft:furnace":7,"minecraft:carrots":10,"minecraft:andesite":32,"minecraft:chiseled_deepslate":1,"minecraft:bell":3,"minecraft:bookshelf":10,"minecraft:potatoes":5,"minecraft:deepslate_iron_ore":14,"biomesoplenty:high_grass":3,"minecraft:rail":195,"minecraft:stone":3509,"minecraft:white_wool":9,"minecraft:podzol":2,"minecraft:oak_fence":6,"minecraft:crafting_table":8,"minecraft:emerald_ore":2,"minecraft:sculk_sensor":3,"minecraft:lectern":367,"minecraft:copper_ore":15,"biomesoplenty:high_grass_plant":7,"minecraft:tall_grass":4,"minecraft:lapis_ore":9,"biomesoplenty:huge_clover_petal":48,"biomesoplenty:sprout":5,"minecraft:deepslate_gold_ore":19,"minecraft:sculk":13,"minecraft:diorite":207,"minecraft:spruce_stairs":7,"minecraft:spruce_log":2826,"minecraft:sweet_berry_bush":8,"minecraft:birch_leaves":5,"minecraft:yellow_bed":5,"elevatorid:elevator_white":2,"minecraft:coal_ore":183,"minecraft:gravel":108,"minecraft:spruce_fence_gate":3,"minecraft:gold_ore":1,"biomesoplenty:redwood_wood":4,"minecraft:infested_stone":10,"minecraft:fern":1,"paraglider:goddess_statue":2},"minecraft:used":{"minecraft:moss_block":3,"securitycraft:reinforced_cobblestone_stairs":3,"minecraft:iron_shovel":168,"minecraft:poppy":4,"minecraft:chest":8,"minecraft:shield":88,"minecraft:iron_sword":299,"minecraft:bell":4,"minecraft:rotten_flesh":4,"minecraft:white_candle":9,"paraglider:goddess_statue":1,"chococraft:chocobo_drumstick_cooked":10,"securitycraft:keypad_item":3,"minecraft:carrot":9,"minecraft:tuff":7,"minecraft:axolotl_bucket":18,"minecraft:obsidian":17,"minecraft:spruce_boat":19,"minecraft:lava_bucket":2,"minecraft:grass_block":4,"chococraft:straw":15,"minecraft:golden_sword":32,"minecraft:sweet_berries":61,"minecraft:furnace":16,"minecraft:egg":1,"minecraft:potato":4,"minecraft:diorite":1,"minecraft:diamond_boots":1,"minecraft:spruce_door":2,"securitycraft:door_indestructible_iron_item":10,"minecraft:stone_pickaxe":112,"securitycraft:reinforced_spruce_planks":770,"create:crimsite":5,"securitycraft:keypad_frame":2,"minecraft:composter":6,"minecraft:sugar_cane":1,"minecraft:diamond_axe":1728,"elevatorid:elevator_white":4,"securitycraft:universal_block_remover":94,"minecraft:bread":39,"minecraft:lectern":375,"securitycraft:reinforced_iron_block":1,"minecraft:gravel":3,"minecraft:diamond_sword":443,"securitycraft:reinforced_cobbled_deepslate":4,"minecraft:smithing_table":1,"minecraft:andesite":9,"chococraft:gysahl_green":82,"minecraft:bone_meal":38,"minecraft:oak_fence":6,"minecraft:flint_and_steel":6,"biomesoplenty:redwood_planks":12,"minecraft:spruce_planks":28,"securitycraft:keypad_door_item":1,"securitycraft:disguise_module":2,"minecraft:torch":77,"minecraft:dirt":123,"minecraft:anvil":3,"minecraft:spruce_stairs":72,"minecraft:diamond_helmet":1,"chococraft:choco_disguise_helmet":1,"minecraft:spruce_fence":60,"minecraft:oak_fence_gate":2,"chococraft:chocobo_drumstick_raw":2,"paraglider:horned_statue":1,"minecraft:wooden_axe":95,"minecraft:bookshelf":10,"minecraft:iron_axe":1634,"securitycraft:universal_block_modifier":7,"minecraft:minecart":35,"securitycraft:reinforced_stone_brick_stairs":5,"minecraft:cooked_beef":45,"minecraft:golden_axe":31,"minecraft:cobbled_deepslate":52,"minecraft:wheat_seeds":34,"minecraft:cooked_mutton":12,"minecraft:water_bucket":83,"minecraft:cobblestone_stairs":7,"minecraft:cartography_table":1,"minecraft:spruce_sign":15,"minecraft:cobblestone_slab":1,"minecraft:fletching_table":6,"minecraft:stonecutter":3,"minecraft:glow_ink_sac":4,"minecraft:spruce_fence_gate":23,"minecraft:deepslate_bricks":67,"securitycraft:keypad":2,"minecraft:rail":232,"securitycraft:reinforced_stone_bricks":725,"minecraft:crafting_table":10,"minecraft:white_bed":11,"minecraft:spruce_log":27,"minecraft:mud":3,"minecraft:wooden_hoe":119,"minecraft:diamond_pickaxe":3486,"minecraft:diamond_shovel":29,"chococraft:gysahl_green_seeds":834,"minecraft:iron_pickaxe":1856,"minecraft:spruce_trapdoor":26,"minecraft:spruce_sapling":257,"minecraft:stone_axe":257,"minecraft:cobblestone":781,"travelersbackpack:standard":16,"minecraft:porkchop":5,"minecraft:cooked_porkchop":2,"minecraft:bucket":114,"minecraft:yellow_bed":2,"minecraft:diamond_leggings":2,"minecraft:soul_torch":22},"minecraft:custom":{"minecraft:animals_bred":48,"minecraft:interact_with_crafting_table":209,"minecraft:bell_ring":48,"minecraft:leave_game":10,"minecraft:time_since_death":145445,"minecraft:sprint_one_cm":1606621,"minecraft:damage_blocked_by_shield":2584,"minecraft:drop":339,"minecraft:talked_to_villager":638,"minecraft:play_time":1205207,"minecraft:deaths":5,"minecraft:jump":12017,"minecraft:walk_on_water_one_cm":84493,"minecraft:interact_with_furnace":282,"minecraft:traded_with_villager":536,"minecraft:sleep_in_bed":34,"minecraft:damage_dealt":44413,"minecraft:crouch_one_cm":368495,"minecraft:interact_with_smithing_table":9,"minecraft:interact_with_anvil":16,"minecraft:mob_kills":188,"minecraft:climb_one_cm":1601,"minecraft:walk_one_cm":4126989,"minecraft:sneak_time":73877,"minecraft:walk_under_water_one_cm":117416,"minecraft:boat_one_cm":53311,"minecraft:total_world_time":1205207,"minecraft:interact_with_stonecutter":4,"minecraft:time_since_rest":43936,"minecraft:damage_taken":6578,"minecraft:swim_one_cm":150242,"minecraft:fly_one_cm":1729374,"minecraft:open_chest":223,"minecraft:fall_one_cm":333316},"minecraft:picked_up":{"minecraft:chiseled_deepslate":1,"minecraft:iron_chestplate":1,"chococraft:loverly_gysahl_green":114,"minecraft:wheat":55,"securitycraft:keypad_item":1,"minecraft:anvil":4,"securitycraft:taser":1,"minecraft:diamond_sword":1,"minecraft:enchanted_book":1,"paraglider:goddess_statue":2,"minecraft:string":5,"minecraft:raw_copper":132,"minecraft:diamond_leggings":2,"minecraft:cobbled_deepslate":461,"minecraft:bucket":3,"securitycraft:reinforced_spruce_planks":823,"minecraft:spruce_planks":763,"minecraft:red_dye":1,"minecraft:azalea":3,"biomesoplenty:redwood_wood":3,"minecraft:furnace":8,"minecraft:stick":895,"minecraft:composter":4,"minecraft:oak_fence":6,"minecraft:torch":16,"minecraft:spruce_stairs":9,"minecraft:porkchop":8,"minecraft:diorite":205,"minecraft:cactus":1,"minecraft:rotten_flesh":63,"create:scoria":2,"securitycraft:reinforced_cobbled_deepslate":10,"minecraft:blue_dye":1,"create:veridium":35,"chococraft:chocobo_drumstick_cooked":20,"chococraft:chocobo_drumstick_raw":2,"minecraft:obsidian":38,"minecraft:cobblestone":4156,"minecraft:cooked_beef":12,"minecraft:water_bucket":5,"minecraft:andesite":19,"biomesoplenty:glowshroom":1,"minecraft:potato":6,"paraglider:spirit_orb":2,"minecraft:flint":11,"minecraft:tuff":9,"create:raw_zinc":9,"minecraft:lapis_lazuli":61,"minecraft:dirt":235,"securitycraft:reinforced_stone_button":9,"minecraft:name_tag":2,"minecraft:bone":20,"minecraft:bow":3,"minecraft:stonecutter":2,"minecraft:wheat_seeds":63,"minecraft:raw_gold":31,"minecraft:bell":7,"minecraft:fletching_table":3,"minecraft:moss_block":3,"minecraft:sand":60,"minecraft:grass_block":6,"securitycraft:reinforced_stone":11,"securitycraft:reinforced_stone_brick_stairs":4,"securitycraft:universal_block_remover":3,"minecraft:white_candle":28,"minecraft:spruce_fence_gate":4,"create:crimsite":40,"minecraft:diamond":123,"minecraft:spruce_boat":22,"webdisplays:minepad":1,"minecraft:granite":12,"minecraft:bone_meal":12,"minecraft:emerald":4,"minecraft:spruce_sign":5,"minecraft:bread":62,"minecraft:diamond_pickaxe":1,"minecraft:crafting_table":8,"minecraft:mud":3,"minecraft:azure_bluet":9,"minecraft:clay_ball":8,"minecraft:golden_pickaxe":1,"minecraft:shield":1,"minecraft:moss_carpet":6,"minecraft:iron_axe":2,"minecraft:flint_and_steel":1,"minecraft:cartography_table":1,"minecraft:beef":78,"securitycraft:smart_module":3,"minecraft:poppy":31,"minecraft:minecart":34,"minecraft:lectern":372,"minecraft:sugar_cane":67,"securitycraft:reinforced_cobblestone_stairs":3,"minecraft:spruce_trapdoor":5,"minecraft:egg":1,"minecraft:raw_iron":144,"minecraft:stone":18,"minecraft:spruce_fence":10,"minecraft:carrot":9,"minecraft:redstone":106,"minecraft:arrow":18,"minecraft:diamond_chestplate":1,"minecraft:deepslate_bricks":1,"minecraft:hay_block":29,"securitycraft:reinforced_stone_bricks":737,"minecraft:gold_ingot":2,"paraglider:horned_statue":1,"minecraft:mutton":17,"minecraft:rail":198,"minecraft:skeleton_skull":1,"minecraft:white_wool":25,"minecraft:glow_ink_sac":14,"securitycraft:disguise_module":1,"minecraft:leather":29,"minecraft:yellow_bed":6,"minecraft:gunpowder":8,"minecraft:cobblestone_stairs":7,"chococraft:chocobo_feather":144,"chococraft:gysahl_green":2422,"minecraft:stone_bricks":32,"chococraft:gold_gysahl":42,"minecraft:wild_armor_trim_smithing_template":1,"minecraft:iron_ingot":160,"minecraft:oak_fence_gate":2,"minecraft:stone_pickaxe":2,"securitycraft:universal_block_reinforcer_lvl1":1,"minecraft:iron_sword":2,"minecraft:flowering_azalea":1,"travelersbackpack:blank_upgrade":1,"minecraft:book":31,"elevatorid:elevator_white":2,"minecraft:milk_bucket":1,"minecraft:sweet_berries":42,"minecraft:gravel":135,"minecraft:amethyst_shard":36,"minecraft:soul_torch":3,"chococraft:gysahl_green_seeds":981,"minecraft:spruce_sapling":391,"securitycraft:reinforced_iron_block":4,"minecraft:white_bed":15,"minecraft:spruce_log":3202,"minecraft:spider_eye":1,"securitycraft:whitelist_module":2,"travelersbackpack:standard":1,"chococraft:choco_disguise_helmet":2,"chococraft:chocobo_whistle":1,"securitycraft:keypad":3,"securitycraft:door_indestructible_iron_item":10,"minecraft:coal":216,"minecraft:ender_pearl":3},"minecraft:dropped":{"minecraft:iron_sword":2,"chococraft:loverly_gysahl_green":11,"minecraft:golden_pickaxe":1,"minecraft:diamond":49,"minecraft:cooked_porkchop":1,"securitycraft:door_indestructible_iron_item":1,"securitycraft:reinforced_stone_brick_stairs":3,"create:crimsite":35,"travelersbackpack:standard":1,"create:copper_diving_helmet":1,"minecraft:emerald":1,"minecraft:dirt":71,"minecraft:bone_meal":10,"minecraft:sand":5,"securitycraft:reinforced_stone_bricks":3,"minecraft:white_wool":5,"securitycraft:whitelist_module":1,"minecraft:gold_ingot":2,"minecraft:bone":6,"minecraft:gravel":34,"minecraft:sugar_cane":1,"minecraft:cobbled_deepslate":77,"minecraft:wheat":43,"minecraft:rotten_flesh":47,"securitycraft:taser":2,"chococraft:chocobo_drumstick_cooked":5,"securitycraft:reinforced_spruce_planks":51,"minecraft:white_bed":4,"minecraft:chiseled_deepslate":1,"minecraft:poppy":12,"securitycraft:disguise_module":1,"minecraft:gunpowder":4,"create:scoria":2,"minecraft:azalea":3,"minecraft:arrow":10,"minecraft:beef":39,"securitycraft:smart_module":1,"chococraft:choco_disguise_helmet":2,"minecraft:lectern":3,"minecraft:enchanted_book":1,"minecraft:water_bucket":4,"minecraft:iron_ingot":12,"minecraft:bread":129,"webdisplays:minepad":1,"minecraft:wheat_seeds":25,"minecraft:diamond_leggings":1,"minecraft:cobblestone":897,"minecraft:apple":3,"chococraft:gysahl_green_seeds":87,"minecraft:granite":12,"minecraft:spruce_stairs":2,"minecraft:coal":2,"minecraft:grass_block":2,"minecraft:spruce_fence_gate":1,"minecraft:stick":1025,"chococraft:chocobo_whistle":1,"minecraft:wooden_hoe":2,"minecraft:torch":3,"minecraft:wooden_axe":1,"travelersbackpack:blank_upgrade":1,"minecraft:flowering_azalea":1,"minecraft:iron_axe":1,"minecraft:red_dye":1,"biomesoplenty:glowshroom":1,"minecraft:bucket":3,"minecraft:spruce_sapling":56,"minecraft:redstone":10,"minecraft:furnace":1,"minecraft:anvil":2,"minecraft:moss_carpet":6,"minecraft:wild_armor_trim_smithing_template":1,"chococraft:chocobo_feather":75,"minecraft:clay_ball":8,"minecraft:flint_and_steel":1,"minecraft:diamond_sword":1,"securitycraft:universal_block_remover":4,"minecraft:potato":2,"minecraft:spruce_boat":4,"minecraft:stone":18,"minecraft:shield":1,"create:veridium":35,"minecraft:diamond_chestplate":1,"minecraft:spruce_trapdoor":1,"minecraft:spruce_planks":576,"minecraft:diamond_pickaxe":2,"minecraft:iron_chestplate":1,"minecraft:yellow_bed":4,"minecraft:spruce_log":416,"minecraft:stone_pickaxe":2,"minecraft:raw_gold":2,"securitycraft:universal_block_reinforcer_lvl1":1,"minecraft:bell":2,"chococraft:gysahl_green":557},"minecraft:broken":{"minecraft:golden_sword":1,"minecraft:stone_axe":2,"minecraft:wooden_axe":1,"securitycraft:universal_block_reinforcer_lvl1":4,"minecraft:golden_axe":1,"minecraft:diamond_axe":1,"minecraft:iron_axe":7,"minecraft:iron_pickaxe":7}},"DataVersion":3465}