{"stats":{"minecraft:dropped":{"minecraft:water_bucket":1,"minecraft:iron_ingot":12,"minecraft:wheat_seeds":6,"minecraft:cooked_porkchop":1,"minecraft:cobblestone":348,"minecraft:apple":3,"chococraft:gysahl_green_seeds":22,"minecraft:spruce_stairs":2,"minecraft:coal":2,"minecraft:stick":985,"minecraft:dirt":67,"minecraft:torch":3,"minecraft:wooden_axe":1,"minecraft:iron_axe":1,"minecraft:flowering_azalea":1,"minecraft:sand":5,"biomesoplenty:glowshroom":1,"minecraft:bucket":2,"minecraft:white_wool":5,"minecraft:spruce_sapling":28,"minecraft:redstone":10,"minecraft:bone":4,"minecraft:furnace":1,"minecraft:moss_carpet":6,"minecraft:wheat":36,"minecraft:clay_ball":8,"minecraft:spruce_boat":2,"minecraft:stone":12,"create:scoria":2,"minecraft:spruce_planks":512,"minecraft:azalea":3,"minecraft:spruce_log":265,"minecraft:arrow":4,"minecraft:stone_pickaxe":2,"minecraft:raw_gold":2,"minecraft:bell":2},"minecraft:broken":{"minecraft:golden_sword":1,"minecraft:golden_axe":1,"minecraft:iron_axe":3,"minecraft:iron_pickaxe":5,"minecraft:wooden_axe":1},"minecraft:used":{"minecraft:moss_block":3,"minecraft:iron_shovel":163,"minecraft:chest":2,"minecraft:spruce_planks":25,"minecraft:shield":24,"minecraft:bell":3,"minecraft:rotten_flesh":4,"minecraft:torch":4,"minecraft:dirt":72,"minecraft:spruce_stairs":49,"minecraft:tuff":7,"minecraft:spruce_fence":6,"minecraft:axolotl_bucket":11,"minecraft:spruce_boat":5,"chococraft:chocobo_drumstick_raw":2,"minecraft:wooden_axe":95,"minecraft:lava_bucket":1,"minecraft:iron_axe":721,"minecraft:golden_sword":32,"minecraft:sweet_berries":61,"minecraft:furnace":8,"minecraft:minecart":13,"minecraft:cobbled_deepslate":27,"minecraft:golden_axe":31,"minecraft:water_bucket":35,"minecraft:diorite":1,"minecraft:spruce_door":2,"minecraft:stone_pickaxe":112,"minecraft:glow_ink_sac":2,"minecraft:spruce_sign":3,"minecraft:fletching_table":3,"minecraft:cobblestone_slab":1,"minecraft:spruce_fence_gate":6,"minecraft:stonecutter":2,"minecraft:deepslate_bricks":67,"minecraft:rail":105,"minecraft:crafting_table":9,"minecraft:white_bed":11,"minecraft:spruce_log":17,"minecraft:mud":3,"minecraft:wooden_hoe":24,"minecraft:bread":20,"minecraft:iron_pickaxe":1318,"minecraft:lectern":25,"minecraft:spruce_trapdoor":8,"minecraft:spruce_sapling":83,"minecraft:gravel":3,"minecraft:cobblestone":249,"travelersbackpack:standard":2,"minecraft:porkchop":5,"minecraft:cooked_porkchop":2,"minecraft:andesite":9,"minecraft:bucket":48,"minecraft:yellow_bed":2,"chococraft:gysahl_green":52,"minecraft:bone_meal":21},"minecraft:picked_up":{"minecraft:mud":3,"minecraft:crafting_table":7,"chococraft:loverly_gysahl_green":3,"minecraft:wheat":36,"minecraft:clay_ball":8,"paraglider:goddess_statue":2,"minecraft:string":4,"minecraft:moss_carpet":6,"minecraft:iron_axe":1,"minecraft:cartography_table":1,"minecraft:cobbled_deepslate":101,"minecraft:bucket":2,"minecraft:spruce_planks":544,"minecraft:beef":39,"minecraft:poppy":4,"minecraft:minecart":13,"minecraft:azalea":3,"minecraft:lectern":23,"minecraft:sugar_cane":25,"minecraft:spruce_trapdoor":2,"minecraft:furnace":6,"minecraft:stick":663,"minecraft:raw_iron":33,"minecraft:stone":12,"minecraft:torch":3,"minecraft:spruce_stairs":3,"minecraft:porkchop":8,"minecraft:diorite":1,"minecraft:redstone":10,"minecraft:arrow":10,"minecraft:rotten_flesh":4,"create:scoria":2,"minecraft:deepslate_bricks":1,"minecraft:hay_block":22,"chococraft:chocobo_drumstick_raw":2,"minecraft:rail":80,"minecraft:mutton":12,"minecraft:cobblestone":1323,"minecraft:white_wool":13,"minecraft:glow_ink_sac":4,"minecraft:water_bucket":2,"minecraft:andesite":9,"minecraft:leather":13,"biomesoplenty:glowshroom":1,"minecraft:flint":7,"minecraft:tuff":7,"minecraft:yellow_bed":3,"minecraft:gunpowder":3,"minecraft:dirt":169,"chococraft:chocobo_feather":2,"minecraft:bone":11,"chococraft:gysahl_green":60,"minecraft:stonecutter":2,"chococraft:gold_gysahl":2,"minecraft:bow":3,"minecraft:wheat_seeds":6,"minecraft:raw_gold":10,"minecraft:bell":6,"minecraft:stone_pickaxe":2,"minecraft:iron_ingot":82,"minecraft:moss_block":3,"minecraft:flowering_azalea":1,"minecraft:book":12,"minecraft:sweet_berries":42,"minecraft:gravel":101,"minecraft:sand":34,"minecraft:spruce_sapling":119,"chococraft:gysahl_green_seeds":22,"minecraft:white_bed":13,"minecraft:spruce_log":716,"minecraft:spider_eye":1,"minecraft:diamond":7,"minecraft:spruce_boat":6,"minecraft:spruce_sign":1,"minecraft:coal":79},"minecraft:mined":{"minecraft:diamond_ore":1,"minecraft:tuff":4,"minecraft:white_bed":13,"minecraft:deepslate_diamond_ore":6,"minecraft:spruce_trapdoor":2,"minecraft:grass_block":17,"minecraft:deepslate_bricks":1,"minecraft:spruce_leaves":18,"minecraft:moss_block":4,"minecraft:cartography_table":1,"minecraft:hay_block":22,"minecraft:spruce_sapling":22,"minecraft:furnace":5,"minecraft:iron_ore":19,"minecraft:cobbled_deepslate":3,"minecraft:fire":1,"minecraft:andesite":9,"minecraft:bell":3,"minecraft:rail":80,"chococraft:gysahl_green":22,"minecraft:bookshelf":4,"biomesoplenty:glowshroom_block":9,"minecraft:deepslate_iron_ore":14,"minecraft:dirt_path":4,"minecraft:oak_stairs":1,"minecraft:azalea":2,"minecraft:stone":1001,"biomesoplenty:glowworm_silk":1,"minecraft:clay":2,"minecraft:crafting_table":7,"minecraft:spruce_wall_sign":1,"create:scoria":1,"minecraft:lectern":23,"minecraft:mushroom_stem":4,"minecraft:tall_grass":2,"minecraft:cobblestone":50,"biomesoplenty:sprout":5,"biomesoplenty:huge_clover_petal":28,"minecraft:deepslate_gold_ore":9,"minecraft:sugar_cane":9,"minecraft:oak_planks":1,"minecraft:diorite":3,"minecraft:wall_torch":1,"minecraft:spruce_stairs":1,"minecraft:seagrass":1,"minecraft:mud":3,"biomesoplenty:glowworm_silk_strand":5,"minecraft:sweet_berry_bush":8,"minecraft:spruce_log":533,"minecraft:yellow_bed":4,"minecraft:grass":10,"biomesoplenty:clover":23,"minecraft:coal_ore":78,"minecraft:gravel":105,"minecraft:sand":34,"minecraft:dirt":77,"minecraft:stonecutter":2,"minecraft:netherrack":13,"minecraft:gold_ore":1,"minecraft:oak_leaves":1,"minecraft:deepslate":91,"paraglider:goddess_statue":2},"minecraft:crafted":{"minecraft:cobblestone_slab":6,"chococraft:chocobo_whistle":1,"minecraft:furnace":3,"minecraft:stone":9,"minecraft:bone_meal":21,"minecraft:spruce_fence":6,"minecraft:bookshelf":2,"minecraft:glass":29,"minecraft:spruce_stairs":48,"travelersbackpack:white_sleeping_bag":1,"minecraft:iron_boots":1,"minecraft:iron_axe":4,"minecraft:spruce_slab":12,"minecraft:stone_pickaxe":1,"minecraft:iron_door":3,"minecraft:chest":3,"minecraft:spruce_boat":2,"minecraft:rail":32,"minecraft:minecart":1,"minecraft:wheat":198,"minecraft:emerald":74,"minecraft:spruce_sign":6,"minecraft:cooked_porkchop":3,"minecraft:crafting_table":2,"minecraft:spruce_planks":1496,"travelersbackpack:backpack_tank":2,"minecraft:iron_helmet":1,"travelersbackpack:standard":1,"minecraft:spruce_door":3,"minecraft:fletching_table":3,"minecraft:bucket":2,"minecraft:enchanted_book":2,"minecraft:bread":66,"minecraft:air":0,"minecraft:spruce_trapdoor":6,"securitycraft:door_indestructible_iron_item":1,"minecraft:lectern":2,"minecraft:wooden_hoe":1,"minecraft:iron_chestplate":1,"minecraft:shield":1,"minecraft:stick":2365,"minecraft:iron_ingot":33,"minecraft:iron_pickaxe":6,"minecraft:wooden_axe":2,"minecraft:iron_leggings":1,"minecraft:iron_shovel":1,"minecraft:gold_ingot":8,"chococraft:chocobo_saddle":1,"minecraft:stonecutter":1,"minecraft:spruce_fence_gate":6,"minecraft:torch":4},"minecraft:custom":{"minecraft:mob_kills":58,"minecraft:interact_with_crafting_table":74,"minecraft:bell_ring":46,"minecraft:leave_game":4,"minecraft:time_since_death":218324,"minecraft:climb_one_cm":842,"minecraft:sprint_one_cm":482063,"minecraft:walk_one_cm":892297,"minecraft:damage_blocked_by_shield":685,"minecraft:drop":102,"minecraft:talked_to_villager":69,"minecraft:play_time":277976,"minecraft:sneak_time":9727,"minecraft:deaths":2,"minecraft:walk_under_water_one_cm":38318,"minecraft:boat_one_cm":19873,"minecraft:jump":4346,"minecraft:walk_on_water_one_cm":40204,"minecraft:total_world_time":277976,"minecraft:interact_with_furnace":38,"minecraft:traded_with_villager":76,"minecraft:interact_with_stonecutter":4,"minecraft:sleep_in_bed":9,"minecraft:time_since_rest":645,"minecraft:damage_taken":2483,"minecraft:damage_dealt":11009,"minecraft:swim_one_cm":70259,"minecraft:fly_one_cm":732389,"minecraft:open_chest":30,"minecraft:crouch_one_cm":34402,"minecraft:fall_one_cm":132844},"minecraft:killed":{"minecraft:spider":6,"minecraft:skeleton":11,"minecraft:pig":4,"minecraft:iron_golem":4,"minecraft:creeper":2,"minecraft:sheep":8,"minecraft:zombie":1,"minecraft:glow_squid":3,"minecraft:cow":18,"chococraft:chocobo":1}},"DataVersion":3465}