{"stats":{"minecraft:mined":{"minecraft:oak_sign":1,"minecraft:spruce_leaves":11},"minecraft:custom":{"minecraft:open_chest":1,"minecraft:time_since_rest":13956,"minecraft:crouch_one_cm":344,"minecraft:play_time":13956,"minecraft:sprint_one_cm":47247,"minecraft:damage_taken":60,"minecraft:walk_one_cm":26341,"minecraft:sneak_time":453,"minecraft:walk_under_water_one_cm":1178,"minecraft:jump":347,"minecraft:leave_game":1,"minecraft:time_since_death":13956,"minecraft:walk_on_water_one_cm":2987,"minecraft:total_world_time":13956,"minecraft:swim_one_cm":6964,"minecraft:fall_one_cm":10117,"minecraft:fly_one_cm":72582},"minecraft:used":{"minecraft:rotten_flesh":2,"minecraft:bread":3},"minecraft:picked_up":{"minecraft:rotten_flesh":2,"minecraft:oak_sign":1,"minecraft:spruce_sapling":1,"minecraft:bread":18}},"DataVersion":3465}