{"stats":{"minecraft:killed":{"minecraft:skeleton":2,"minecraft:trader_llama":2,"minecraft:wandering_trader":1},"minecraft:crafted":{"minecraft:quartz_stairs":84,"minecraft:crafting_table":1,"minecraft:spruce_planks":28},"minecraft:mined":{"minecraft:large_fern":3,"minecraft:quartz_block":9,"minecraft:quartz_stairs":82,"minecraft:sweet_berry_bush":1,"minecraft:spruce_log":184,"minecraft:grass":3,"minecraft:grass_block":92,"minecraft:dirt":6,"minecraft:spruce_leaves":14,"minecraft:fern":25},"minecraft:custom":{"minecraft:time_since_rest":85259,"minecraft:sprint_one_cm":29902,"minecraft:damage_taken":155,"minecraft:walk_one_cm":368928,"minecraft:mob_kills":5,"minecraft:drop":1,"minecraft:damage_dealt":1230,"minecraft:interact_with_crafting_table":2,"minecraft:fly_one_cm":178435,"minecraft:crouch_one_cm":45882,"minecraft:play_time":85259,"minecraft:sneak_time":10291,"minecraft:jump":432,"minecraft:leave_game":2,"minecraft:time_since_death":85259,"minecraft:total_world_time":85259,"minecraft:fall_one_cm":4607},"minecraft:used":{"minecraft:light":93,"minecraft:netherite_shovel":94,"securitycraft:reinforced_quartz_stairs":112,"minecraft:quartz_slab":34,"minecraft:lantern":10,"minecraft:grass_block":5,"minecraft:bread":3,"minecraft:quartz_block":307,"minecraft:netherite_axe":231,"minecraft:stone":28,"minecraft:quartz_stairs":609,"securitycraft:reinforced_lantern":2,"securitycraft:reinforced_stone_brick_wall":64,"securitycraft:reinforced_oak_fence_gate":9,"minecraft:dirt":100,"minecraft:crafting_table":1,"minecraft:netherite_pickaxe":91,"securitycraft:universal_block_remover":12,"minecraft:stone_brick_wall":62,"minecraft:spruce_log":1,"minecraft:oak_fence_gate":8},"minecraft:picked_up":{"minecraft:stick":44,"securitycraft:reinforced_quartz_stairs":12,"minecraft:feather":2,"minecraft:sweet_berries":4,"minecraft:leather":2,"minecraft:lead":2,"minecraft:spruce_sapling":85,"minecraft:spruce_log":184,"minecraft:dirt":98,"minecraft:quartz_block":9,"minecraft:arrow":4,"minecraft:bone":3,"minecraft:wheat_seeds":5,"minecraft:quartz_stairs":82},"minecraft:dropped":{"minecraft:sweet_berries":2}},"DataVersion":3465}